SOC_Q,TC_Q,Grind,Temp ,Sieve,ID,Site,Procedure,Replicate,RepID,Time,pct_sand,pct_silt,pct_clay,pct_coarse,pct_rock,pct_plant,pct_N,pct_TC ,pct_SIC ,pct_SOC,Fizz ,C_conc
PT,EA,Roller Table,105,8+2,A_P0_1,A,P0,1,A1,6.45,30.33,35.91,33.76,1.37,1.21,0.16,0.3,3.93,0.62,3.31,P,high
PT,EA,Roller Table,105,8+2,A_P0_2,A,P0,2,A2,7.87,30.33,35.91,33.76,0.99,0.82,0.17,0.34,4.61,0.7,3.91,P,high
PT,EA,Roller Table,105,8+2,A_P0_3,A,P0,3,A3,7.84,30.33,35.91,33.76,1.68,1.49,0.19,0.33,4.52,0.69,3.83,P,high
PT,EA,Roller Table,105,8+2,A_P0_4,A,P0,4,A4,7.38,30.33,35.91,33.76,1.65,1.4,0.25,0.32,4,0.66,3.34,P,high
PT,EA,Roller Table,105,8+2,A_P0_5,A,P0,5,A5,6.14,30.33,35.91,33.76,1.05,0.73,0.32,0.3,4.24,0.73,3.51,P,high
PT,EA,Roller Table,105,8+2,B_P0_1,B,P0,1,B1,13.37,19.59,45.1,35.31,0.56,0.16,0.4,0.28,3.38,0.51,2.87,P,high
PT,EA,Roller Table,105,8+2,B_P0_2,B,P0,2,B2,10.69,19.59,45.1,35.31,1,0.69,0.31,0.22,2.75,0.62,2.13,P,high
PT,EA,Roller Table,105,8+2,B_P0_3,B,P0,3,B3,10.74,19.59,45.1,35.31,0.42,0.13,0.29,0.3,3.5,0.4,3.1,P,high
PT,EA,Roller Table,105,8+2,B_P0_4,B,P0,4,B4,7.46,19.59,45.1,35.31,1.03,0.56,0.47,0.23,2.73,0.67,2.06,P,high
PT,EA,Roller Table,105,8+2,B_P0_5,B,P0,5,B5,10.89,19.59,45.1,35.31,0.26,0,0.26,0.25,3.21,0.61,2.6,P,high
PT,EA,Roller Table,105,8+2,C_P0_1,C,P0,1,C1,9.64,47.71,26.57,25.72,4.43,4.02,0.41,0.14,1.37,0,1.37, N,low
PT,EA,Roller Table,105,8+2,C_P0_2,C,P0,2,C2,8.4,47.71,26.57,25.72,5.09,4.89,0.2,0.14,1.35,0,1.35, N,low
PT,EA,Roller Table,105,8+2,C_P0_3,C,P0,3,C3,6.85,47.71,26.57,25.72,3.89,3.59,0.3,0.15,1.37,0,1.37, N,low
PT,EA,Roller Table,105,8+2,C_P0_4,C,P0,4,C4,8.69,47.71,26.57,25.72,7.33,6.91,0.43,0.14,1.27,0,1.27, N,low
PT,EA,Roller Table,105,8+2,C_P0_5,C,P0,5,C5,11.22,47.71,26.57,25.72,4.42,4.22,0.2,0.12,1.17,0,1.17, N,low
PT,EA,Roller Table,105,8+2,D_P0_1,D,P0,1,D1,3.73,43.91,27.91,28.18,0.09,0.04,0.05,0.1,1.63,0.85,0.78,P,low
PT,EA,Roller Table,105,8+2,D_P0_2,D,P0,2,D2,3.75,43.91,27.91,28.18,0.19,0.12,0.07,0.11,1.69,0.87,0.82,P,low
PT,EA,Roller Table,105,8+2,D_P0_3,D,P0,3,D3,3.98,43.91,27.91,28.18,0.06,0.04,0.02,0.11,1.69,0.84,0.85,P,low
PT,EA,Roller Table,105,8+2,D_P0_4,D,P0,4,D4,4.29,43.91,27.91,28.18,0.17,0.14,0.04,0.14,1.78,0.88,0.9,P,low
PT,EA,Roller Table,105,8+2,D_P0_5,D,P0,5,D5,3.92,43.91,27.91,28.18,0.32,0.29,0.03,0.11,1.73,0.85,0.89,P,low
PT,EA,Roller Table,105,8+2,E_P0_1,E,P0,1,E1,5.89,23.8,65.96,10.24,1,0.68,0.32,0.11,1.06,0,1.06, N,low
PT,EA,Roller Table,105,8+2,E_P0_2,E,P0,2,E2,3.97,23.8,65.96,10.24,0.39,0.02,0.37,0.12,1.18,0,1.18, N,low
PT,EA,Roller Table,105,8+2,E_P0_3,E,P0,3,E3,5.08,23.8,65.96,10.24,0.18,0,0.18,0.12,1.09,0,1.09, N,low
PT,EA,Roller Table,105,8+2,E_P0_4,E,P0,4,E4,4.6,23.8,65.96,10.24,0.14,0,0.14,0.12,1.08,0,1.08, N,low
PT,EA,Roller Table,105,8+2,E_P0_5,E,P0,5,E5,6.51,23.8,65.96,10.24,0.24,0,0.24,0.12,1.11,0,1.11, N,low
PT,EA,Roller Table,105,8+2,F_P0_1,F,P0,1,F1,5.01,40.54,41.69,17.77,6.87,6.77,0.1,0.11,1.06,0,1.06, N,low
PT,EA,Roller Table,105,8+2,F_P0_2,F,P0,2,F2,6.61,40.54,41.69,17.77,3.76,3.57,0.19,0.11,1.01,0,1.01, N,low
PT,EA,Roller Table,105,8+2,F_P0_3,F,P0,3,F3,6.8,40.54,41.69,17.77,3.37,3.18,0.19,0.13,1.13,0,1.13, N,low
PT,EA,Roller Table,105,8+2,F_P0_4,F,P0,4,F4,5.61,40.54,41.69,17.77,3.8,3.69,0.11,0.12,1.04,0,1.04, N,low
PT,EA,Roller Table,105,8+2,F_P0_5,F,P0,5,F5,5.38,40.54,41.69,17.77,3.44,3.27,0.16,0.12,1.09,0,1.09, N,low
PT,EA,Roller Table,105,8+2,G_P0_1,G,P0,1,G1,8,54.26,16.54,29.2,1.45,1.06,0.39,0.14,1.37,0,1.37, N,low
PT,EA,Roller Table,105,8+2,G_P0_2,G,P0,2,G2,7.38,54.26,16.54,29.2,1.35,1.03,0.32,0.13,1.33,0,1.33, N,low
PT,EA,Roller Table,105,8+2,G_P0_3,G,P0,3,G3,7.23,54.26,16.54,29.2,1.27,0.77,0.5,0.13,1.38,0,1.38, N,low
PT,EA,Roller Table,105,8+2,G_P0_4,G,P0,4,G4,5.64,54.26,16.54,29.2,1.11,0.79,0.32,0.13,1.3,0,1.3, N,low
PT,EA,Roller Table,105,8+2,G_P0_5,G,P0,5,G5,7.97,54.26,16.54,29.2,0.97,0.6,0.37,0.16,1.52,0,1.52, N,low
PT,EA,Roller Table,105,8+2,H_P0_1,H,P0,1,H1,12.77,25.45,54.51,20.04,9.88,9.01,0.88,0.24,7.27,4.65,2.62,P,high
PT,EA,Roller Table,105,8+2,H_P0_2,H,P0,2,H2,13.33,25.45,54.51,20.04,13.51,12.58,0.93,0.26,7.17,5.4,1.77,P,high
PT,EA,Roller Table,105,8+2,H_P0_3,H,P0,3,H3,11.06,25.45,54.51,20.04,13.6,12.63,0.96,0.25,7.18,4.47,2.72,P,high
PT,EA,Roller Table,105,8+2,H_P0_4,H,P0,4,H4,11.84,25.45,54.51,20.04,14.8,13.69,1.1,0.23,7.19,5.24,1.95,P,high
PT,EA,Roller Table,105,8+2,H_P0_5,H,P0,5,H5,13.08,25.45,54.51,20.04,13.26,12.19,1.07,0.23,7.22,4.56,2.66,P,high
PT,EA,Roller Table,105,8+2,I_P0_1,I,P0,1,I1,4,31.66,45.67,22.67,0.08,0,0.08,0.14,1.55,0,1.55,N,low
PT,EA,Roller Table,105,8+2,I_P0_2,I,P0,2,I2,4.3,31.66,45.67,22.67,0.2,0,0.2,0.14,1.43,0,1.43,N,low
PT,EA,Roller Table,105,8+2,I_P0_3,I,P0,3,I3,4.33,31.66,45.67,22.67,0.11,0.06,0.05,0.14,1.37,0,1.37,N,low
PT,EA,Roller Table,105,8+2,I_P0_4,I,P0,4,I4,4.32,31.66,45.67,22.67,0.28,0.08,0.19,0.14,1.41,0,1.41,N,low
PT,EA,Roller Table,105,8+2,I_P0_5,I,P0,5,I5,4.32,31.66,45.67,22.67,0.06,0,0.06,0.12,1.27,0,1.27,N,low
PT,EA,Roller Table,105,8+2,J_P0_1,J,P0,1,J1,7.71,5.12,59.04,35.84,0.12,0.07,0.05,0.29,3.13,0,3.13,N,high
PT,EA,Roller Table,105,8+2,J_P0_2,J,P0,2,J2,5.46,5.12,59.04,35.84,0.3,0.23,0.06,0.32,3.53,0,3.53,N,high
PT,EA,Roller Table,105,8+2,J_P0_3,J,P0,3,J3,7.79,5.12,59.04,35.84,0.06,0.03,0.03,0.3,3.35,0,3.35,N,high
PT,EA,Roller Table,105,8+2,J_P0_4,J,P0,4,J4,8.02,5.12,59.04,35.84,0.03,0,0.03,0.31,3.31,0,3.31,N,high
PT,EA,Roller Table,105,8+2,J_P0_5,J,P0,5,J5,6.38,5.12,59.04,35.84,0.03,0,0.03,0.27,3.16,0,3.16,N,high
PT,EA,Roller Table,105,8+2,K_P0_1,K,P0,1,K1,3.99,46.02,31.44,22.54,0.46,0.4,0.06,0.21,2.23,0.17,2.06,P,high
PT,EA,Roller Table,105,8+2,K_P0_2,K,P0,2,K2,3.66,46.02,31.44,22.54,0.66,0.62,0.03,0.22,2.62,0.16,2.46,P,high
PT,EA,Roller Table,105,8+2,K_P0_3,K,P0,3,K3,3.94,46.02,31.44,22.54,3.39,3.38,0,0.21,2.51,0.18,2.33,P,high
PT,EA,Roller Table,105,8+2,K_P0_4,K,P0,4,K4,3.94,46.02,31.44,22.54,0.78,0.72,0.06,0.2,2.43,0.17,2.26,P,high
PT,EA,Roller Table,105,8+2,K_P0_5,K,P0,5,K5,3.66,46.02,31.44,22.54,0.62,0.56,0.06,0.23,2.73,0.18,2.55,P,high
PT,EA,Roller Table,105,8+2,L_P0_1,L,P0,1,L1,5.39,47.49,29.58,22.93,1.35,1.34,0.01,0.21,2.83,0.47,2.36,P,high
PT,EA,Roller Table,105,8+2,L_P0_2,L,P0,2,L2,4.78,47.49,29.58,22.93,0.52,0.47,0.04,0.19,2.62,0.35,2.27,P,high
PT,EA,Roller Table,105,8+2,L_P0_3,L,P0,3,L3,3.7,47.49,29.58,22.93,0.85,0.71,0.14,0.25,3.33,0.39,2.94,P,high
PT,EA,Roller Table,105,8+2,L_P0_4,L,P0,4,L4,3.98,47.49,29.58,22.93,0.72,0.71,0.01,0.24,3.2,0.58,2.62,P,high
PT,EA,Roller Table,105,8+2,L_P0_5,L,P0,5,L5,4.53,47.49,29.58,22.93,1.71,1.67,0.04,0.2,2.93,0.37,2.56,P,high
PT,EA,Roller Table,105,4,A_P1_1,A,P1,1,A1,5.01,30.33,35.91,33.76,0.52,0.19,0.33,0.31,4.43,0.62,3.81,P,high
PT,EA,Roller Table,105,4,A_P1_2,A,P1,2,A2,4.11,30.33,35.91,33.76,0.39,0.12,0.27,0.32,4.07,0.68,3.39,P,high
PT,EA,Roller Table,105,4,A_P1_3,A,P1,3,A3,4.7,30.33,35.91,33.76,1.25,0.89,0.37,0.36,4.71,0.79,3.92,P,high
PT,EA,Roller Table,105,4,A_P1_4,A,P1,4,A4,4.01,30.33,35.91,33.76,0.29,0.14,0.15,0.35,4.48,0.73,3.76,P,high
PT,EA,Roller Table,105,4,A_P1_5,A,P1,5,A5,4.7,30.33,35.91,33.76,0.44,0.27,0.17,0.27,3.88,0.76,3.12,P,high
PT,EA,Roller Table,105,4,B_P1_1,B,P1,1,B1,7.45,19.59,45.1,35.31,0.48,0,0.48,0.35,4.36,0.58,3.78,P,high
PT,EA,Roller Table,105,4,B_P1_2,B,P1,2,B2,4.15,19.59,45.1,35.31,0.37,0,0.37,0.26,3,0.66,2.34,P,high
PT,EA,Roller Table,105,4,B_P1_3,B,P1,3,B3,7.74,19.59,45.1,35.31,0.24,0,0.24,0.31,3.71,0.61,3.1,P,high
PT,EA,Roller Table,105,4,B_P1_4,B,P1,4,B4,5.21,19.59,45.1,35.31,0.7,0.48,0.23,0.2,2.61,0.72,1.89,P,high
PT,EA,Roller Table,105,4,B_P1_5,B,P1,5,B5,6.22,19.59,45.1,35.31,0.93,0.57,0.36,0.23,3.09,0.68,2.41,P,high
PT,EA,Roller Table,105,4,C_P1_1,C,P1,1,C1,10.37,47.71,26.57,25.72,2.93,2.59,0.34,0.14,1.33,0,1.33, N,low
PT,EA,Roller Table,105,4,C_P1_2,C,P1,2,C2,8.33,47.71,26.57,25.72,1.73,1.36,0.36,0.13,1.31,0,1.31, N,low
PT,EA,Roller Table,105,4,C_P1_3,C,P1,3,C3,6.3,47.71,26.57,25.72,2.82,2.34,0.48,0.14,1.32,0,1.32, N,low
PT,EA,Roller Table,105,4,C_P1_4,C,P1,4,C4,7.88,47.71,26.57,25.72,3.32,3.18,0.14,0.14,1.28,0,1.28, N,low
PT,EA,Roller Table,105,4,C_P1_5,C,P1,5,C5,7.26,47.71,26.57,25.72,0.78,0.67,0.1,0.12,1.13,0,1.13, N,low
PT,EA,Roller Table,105,4,D_P1_1,D,P1,1,D1,2.1,43.91,27.91,28.18,0.36,0.35,0.01,0.11,1.69,0.84,0.85,P,low
PT,EA,Roller Table,105,4,D_P1_2,D,P1,2,D2,3.12,43.91,27.91,28.18,0.44,0.15,0.29,0.11,1.72,0.88,0.84,P,low
PT,EA,Roller Table,105,4,D_P1_3,D,P1,3,D3,2,43.91,27.91,28.18,0.02,0,0.02,0.1,1.7,0.87,0.83,P,low
PT,EA,Roller Table,105,4,D_P1_4,D,P1,4,D4,3.02,43.91,27.91,28.18,0.29,0.28,0.02,0.1,1.61,0.89,0.72,P,low
PT,EA,Roller Table,105,4,D_P1_5,D,P1,5,D5,3.01,43.91,27.91,28.18,0.05,0,0.05,0.11,1.67,0.82,0.85,P,low
PT,EA,Roller Table,105,4,E_P1_1,E,P1,1,E1,5.78,23.8,65.96,10.24,0.13,0,0.13,0.12,1.22,0,1.22, N,low
PT,EA,Roller Table,105,4,E_P1_2,E,P1,2,E2,4.17,23.8,65.96,10.24,0.1,0,0.1,0.12,1.15,0,1.15, N,low
PT,EA,Roller Table,105,4,E_P1_3,E,P1,3,E3,3.17,23.8,65.96,10.24,0.17,0,0.17,0.12,1.13,0,1.13, N,low
PT,EA,Roller Table,105,4,E_P1_4,E,P1,4,E4,3.65,23.8,65.96,10.24,0.1,0,0.1,0.11,1.08,0,1.08, N,low
PT,EA,Roller Table,105,4,E_P1_5,E,P1,5,E5,4.16,23.8,65.96,10.24,0.1,0,0.1,0.12,1.09,0,1.09, N,low
PT,EA,Roller Table,105,4,F_P1_1,F,P1,1,F1,3.71,40.54,41.69,17.77,3.33,3.25,0.08,0.11,0.98,0,0.98, N,low
PT,EA,Roller Table,105,4,F_P1_2,F,P1,2,F2,3,40.54,41.69,17.77,2.38,2.22,0.17,0.11,1,0,1, N,low
PT,EA,Roller Table,105,4,F_P1_3,F,P1,3,F3,3.12,40.54,41.69,17.77,2.69,2.63,0.06,0.12,1.04,0,1.04, N,low
PT,EA,Roller Table,105,4,F_P1_4,F,P1,4,F4,2.49,40.54,41.69,17.77,4.49,4.39,0.09,0.11,1.03,0,1.03, N,low
PT,EA,Roller Table,105,4,F_P1_5,F,P1,5,F5,3.08,40.54,41.69,17.77,2.04,1.98,0.06,0.12,1.04,0,1.04, N,low
PT,EA,Roller Table,105,4,G_P1_1,G,P1,1,G1,2.67,54.26,16.54,29.2,0.18,0,0.18,0.13,1.29,0,1.29, N,low
PT,EA,Roller Table,105,4,G_P1_2,G,P1,2,G2,5.16,54.26,16.54,29.2,0.27,0,0.27,0.13,1.32,0,1.32, N,low
PT,EA,Roller Table,105,4,G_P1_3,G,P1,3,G3,3.84,54.26,16.54,29.2,0.32,0,0.32,0.14,1.4,0,1.4, N,low
PT,EA,Roller Table,105,4,G_P1_4,G,P1,4,G4,6.01,54.26,16.54,29.2,0.67,0.29,0.38,0.14,1.39,0,1.39, N,low
PT,EA,Roller Table,105,4,G_P1_5,G,P1,5,G5,7.34,54.26,16.54,29.2,0.66,0.36,0.3,0.12,1.24,0,1.24, N,low
PT,EA,Roller Table,105,4,H_P1_1,H,P1,1,H1,8.02,25.45,54.51,20.04,5.1,4.17,0.93,0.23,7.16,4.57,2.59,P,high
PT,EA,Roller Table,105,4,H_P1_2,H,P1,2,H2,8.93,25.45,54.51,20.04,5.77,5.21,0.56,0.23,7.05,4.83,2.22,P,high
PT,EA,Roller Table,105,4,H_P1_3,H,P1,3,H3,7.43,25.45,54.51,20.04,6.7,6.19,0.5,0.24,7.22,4.35,2.87,P,high
PT,EA,Roller Table,105,4,H_P1_4,H,P1,4,H4,10.33,25.45,54.51,20.04,7.13,5.92,1.21,0.24,6.96,4.5,2.46,P,high
PT,EA,Roller Table,105,4,H_P1_5,H,P1,5,H5,8.83,25.45,54.51,20.04,8.79,7.4,1.39,0.23,6.88,4.73,2.15,P,high
PT,EA,Roller Table,105,4,I_P1_1,I,P1,1,I1,2.62,31.66,45.67,22.67,0.04,0,0.04,0.14,1.41,0,1.41,N,low
PT,EA,Roller Table,105,4,I_P1_2,I,P1,2,I2,2.61,31.66,45.67,22.67,0.01,0,0.01,0.13,1.33,0,1.33,N,low
PT,EA,Roller Table,105,4,I_P1_3,I,P1,3,I3,8.97,31.66,45.67,22.67,0,0,0,0.15,1.53,0,1.53,N,low
PT,EA,Roller Table,105,4,I_P1_4,I,P1,4,I4,2.12,31.66,45.67,22.67,0.04,0,0.04,0.14,1.41,0,1.41,N,low
PT,EA,Roller Table,105,4,I_P1_5,I,P1,5,I5,2.07,31.66,45.67,22.67,0.27,0,0.27,0.13,1.32,0,1.32,N,low
PT,EA,Roller Table,105,4,J_P1_1,J,P1,1,J1,3.18,5.12,59.04,35.84,0.44,0,0.44,0.3,3.32,0,3.32,N,high
PT,EA,Roller Table,105,4,J_P1_2,J,P1,2,J2,4.69,5.12,59.04,35.84,0.05,0,0.05,0.28,3.17,0,3.17,N,high
PT,EA,Roller Table,105,4,J_P1_3,J,P1,3,J3,5.24,5.12,59.04,35.84,0.04,0,0.04,0.29,3.17,0,3.17,N,high
PT,EA,Roller Table,105,4,J_P1_4,J,P1,4,J4,4.74,5.12,59.04,35.84,0.01,0,0.01,0.29,3.23,0,3.23,N,high
PT,EA,Roller Table,105,4,J_P1_5,J,P1,5,J5,3.66,5.12,59.04,35.84,0.13,0,0.13,0.28,3.27,0,3.27,N,high
PT,EA,Roller Table,105,4,K_P1_1,K,P1,1,K1,3.28,46.02,31.44,22.54,1.29,1.24,0.05,0.21,2.36,0.12,2.25,P,high
PT,EA,Roller Table,105,4,K_P1_2,K,P1,2,K2,1.66,46.02,31.44,22.54,0.8,0.8,0,0.22,2.57,0.24,2.33,P,high
PT,EA,Roller Table,105,4,K_P1_3,K,P1,3,K3,2.22,46.02,31.44,22.54,0.17,0.15,0.02,0.23,2.55,0.1,2.45,P,high
PT,EA,Roller Table,105,4,K_P1_4,K,P1,4,K4,1.64,46.02,31.44,22.54,0.52,0.47,0.05,0.24,2.67,0.17,2.5,P,high
PT,EA,Roller Table,105,4,K_P1_5,K,P1,5,K5,2.17,46.02,31.44,22.54,0.22,0.18,0.04,0.26,2.62,0.18,2.44,P,high
PT,EA,Roller Table,105,4,L_P1_1,L,P1,1,L1,2.12,47.49,29.58,22.93,0.3,0.3,0,0.23,3.13,0.46,2.67,P,high
PT,EA,Roller Table,105,4,L_P1_2,L,P1,2,L2,1.59,47.49,29.58,22.93,0.32,0.31,0.01,0.25,3.4,0.48,2.92,P,high
PT,EA,Roller Table,105,4,L_P1_3,L,P1,3,L3,2.63,47.49,29.58,22.93,0.48,0.23,0.25,0.25,3.34,0.52,2.83,P,high
PT,EA,Roller Table,105,4,L_P1_4,L,P1,4,L4,2.16,47.49,29.58,22.93,0.07,0.07,0,0.22,3,0.49,2.51,P,high
PT,EA,Roller Table,105,4,L_P1_5,L,P1,5,L5,2.35,47.49,29.58,22.93,0.23,0.23,0,0.21,3.06,0.48,2.59,P,high
PT,EA,Roller Table,105,2,A_P2_1,A,P2,1,A1,5.08,30.33,35.91,33.76,2.74,2.58,0.16,0.34,4.59,0.76,3.83,P,high
PT,EA,Roller Table,105,2,A_P2_2,A,P2,2,A2,4.62,30.33,35.91,33.76,1.62,1.55,0.07,0.32,4.4,0.78,3.62,P,high
PT,EA,Roller Table,105,2,A_P2_3,A,P2,3,A3,4.16,30.33,35.91,33.76,0.61,0.43,0.17,0.34,4.25,0.77,3.48,P,high
PT,EA,Roller Table,105,2,A_P2_4,A,P2,4,A4,6.45,30.33,35.91,33.76,3.74,3.46,0.28,0.32,4.2,0.68,3.52,P,high
PT,EA,Roller Table,105,2,A_P2_5,A,P2,5,A5,6.27,30.33,35.91,33.76,1.16,1.01,0.15,0.3,4.53,0.88,3.65,P,high
PT,EA,Roller Table,105,2,B_P2_1,B,P2,1,B1,5.8,19.59,45.1,35.31,0.2,0.03,0.18,0.24,2.93,0.67,2.26,P,high
PT,EA,Roller Table,105,2,B_P2_2,B,P2,2,B2,6.26,19.59,45.1,35.31,0.81,0.07,0.74,0.24,2.98,0.63,2.35,P,high
PT,EA,Roller Table,105,2,B_P2_3,B,P2,3,B3,10.47,19.59,45.1,35.31,0.39,0,0.39,0.28,3.4,0.61,2.79,P,high
PT,EA,Roller Table,105,2,B_P2_4,B,P2,4,B4,5.22,19.59,45.1,35.31,0.23,0.1,0.13,0.25,3.12,0.69,2.43,P,high
PT,EA,Roller Table,105,2,B_P2_5,B,P2,5,B5,6.76,19.59,45.1,35.31,0.61,0.35,0.26,0.24,3.01,0.68,2.33,P,high
PT,EA,Roller Table,105,2,C_P2_1,C,P2,1,C1,4.16,47.71,26.57,25.72,7.4,7.17,0.23,0.15,1.37,0,1.37, N,low
PT,EA,Roller Table,105,2,C_P2_2,C,P2,2,C2,5.67,47.71,26.57,25.72,5.76,5.64,0.12,0.13,1.27,0,1.27, N,low
PT,EA,Roller Table,105,2,C_P2_3,C,P2,3,C3,6.17,47.71,26.57,25.72,6.5,6.4,0.1,0.14,1.3,0,1.3, N,low
PT,EA,Roller Table,105,2,C_P2_4,C,P2,4,C4,6.79,47.71,26.57,25.72,4.81,4.55,0.26,0.14,1.36,0,1.36, N,low
PT,EA,Roller Table,105,2,C_P2_5,C,P2,5,C5,5.21,47.71,26.57,25.72,4.47,4.42,0.04,0.14,1.24,0,1.24, N,low
PT,EA,Roller Table,105,2,D_P2_1,D,P2,1,D1,3.7,43.91,27.91,28.18,0.26,0.19,0.07,0.1,1.66,0.95,0.71,P,low
PT,EA,Roller Table,105,2,D_P2_2,D,P2,2,D2,2.08,43.91,27.91,28.18,0.49,0.09,0.41,0.1,1.67,0.93,0.74,P,low
PT,EA,Roller Table,105,2,D_P2_3,D,P2,3,D3,2.48,43.91,27.91,28.18,0.8,0.77,0.03,0.11,1.71,0.93,0.78,P,low
PT,EA,Roller Table,105,2,D_P2_4,D,P2,4,D4,3,43.91,27.91,28.18,0.23,0.2,0.03,0.11,1.7,0.89,0.81,P,low
PT,EA,Roller Table,105,2,D_P2_5,D,P2,5,D5,2.49,43.91,27.91,28.18,0.32,0.32,0,0.11,1.71,0.92,0.79,P,low
PT,EA,Roller Table,105,2,E_P2_1,E,P2,1,E1,2.6,23.8,65.96,10.24,0.03,0,0.03,0.12,1.09,0,1.09, N,low
PT,EA,Roller Table,105,2,E_P2_2,E,P2,2,E2,1.56,23.8,65.96,10.24,0.02,0.02,0,0.12,1.04,0,1.04, N,low
PT,EA,Roller Table,105,2,E_P2_3,E,P2,3,E3,2.12,23.8,65.96,10.24,0.06,0,0.06,0.12,1.14,0,1.14, N,low
PT,EA,Roller Table,105,2,E_P2_4,E,P2,4,E4,3.68,23.8,65.96,10.24,0.03,0,0.03,0.12,1.1,0,1.1, N,low
PT,EA,Roller Table,105,2,E_P2_5,E,P2,5,E5,2.09,23.8,65.96,10.24,0.02,0,0.02,0.12,1.1,0,1.1, N,low
PT,EA,Roller Table,105,2,F_P2_1,F,P2,1,F1,5.28,40.54,41.69,17.77,5.14,5.14,0,0.12,1.01,0,1.01, N,low
PT,EA,Roller Table,105,2,F_P2_2,F,P2,2,F2,4.52,40.54,41.69,17.77,2.41,2.34,0.08,0.11,0.99,0,0.99, N,low
PT,EA,Roller Table,105,2,F_P2_3,F,P2,3,F3,3.12,40.54,41.69,17.77,5.02,5.02,0,0.12,1.07,0,1.07, N,low
PT,EA,Roller Table,105,2,F_P2_4,F,P2,4,F4,6.04,40.54,41.69,17.77,4.95,4.91,0.03,0.12,1.01,0,1.01, N,low
PT,EA,Roller Table,105,2,F_P2_5,F,P2,5,F5,4.62,40.54,41.69,17.77,2.89,2.87,0.02,0.12,1.04,0,1.04, N,low
PT,EA,Roller Table,105,2,G_P2_1,G,P2,1,G1,5.99,54.26,16.54,29.2,0.76,0.63,0.13,0.13,1.28,0,1.28, N,low
PT,EA,Roller Table,105,2,G_P2_2,G,P2,2,G2,5.33,54.26,16.54,29.2,0.83,0.67,0.17,0.14,1.39,0,1.39, N,low
PT,EA,Roller Table,105,2,G_P2_3,G,P2,3,G3,3.82,54.26,16.54,29.2,1.7,1.54,0.16,0.14,1.35,0,1.35, N,low
PT,EA,Roller Table,105,2,G_P2_4,G,P2,4,G4,4.05,54.26,16.54,29.2,0.99,0.8,0.19,0.13,1.25,0,1.25, N,low
PT,EA,Roller Table,105,2,G_P2_5,G,P2,5,G5,2.71,54.26,16.54,29.2,0.05,0.02,0.02,0.13,1.34,0,1.34, N,low
PT,EA,Roller Table,105,2,H_P2_1,H,P2,1,H1,10.59,25.45,54.51,20.04,11.41,10.45,0.96,0.24,7.25,5.12,2.13,P,high
PT,EA,Roller Table,105,2,H_P2_2,H,P2,2,H2,6.95,25.45,54.51,20.04,15.7,14.99,0.71,0.26,7.02,4.87,2.15,P,high
PT,EA,Roller Table,105,2,H_P2_3,H,P2,3,H3,10.98,25.45,54.51,20.04,15.69,14.23,1.46,0.26,7.31,5.14,2.17,P,high
PT,EA,Roller Table,105,2,H_P2_4,H,P2,4,H4,11.74,25.45,54.51,20.04,14.91,13.5,1.41,0.26,7.83,3.99,3.84,P,high
PT,EA,Roller Table,105,2,H_P2_5,H,P2,5,H5,16.63,25.45,54.51,20.04,19.94,18.75,1.19,0.25,7,4.52,2.48,P,high
PT,EA,Roller Table,105,2,I_P2_1,I,P2,1,I1,2.63,31.66,45.67,22.67,0.11,0.06,0.04,0.15,1.49,0,1.49,N,low
PT,EA,Roller Table,105,2,I_P2_2,I,P2,2,I2,2.63,31.66,45.67,22.67,0.11,0.09,0.02,0.13,1.37,0,1.37,N,low
PT,EA,Roller Table,105,2,I_P2_3,I,P2,3,I3,2.11,31.66,45.67,22.67,0.01,0.01,0,0.13,1.38,0,1.38,N,low
PT,EA,Roller Table,105,2,I_P2_4,I,P2,4,I4,2.62,31.66,45.67,22.67,0,0,0,0.14,1.47,0,1.47,N,low
PT,EA,Roller Table,105,2,I_P2_5,I,P2,5,I5,3.08,31.66,45.67,22.67,0,0,0,0.14,1.41,0,1.41,N,low
PT,EA,Roller Table,105,2,J_P2_1,J,P2,1,J1,6.79,5.12,59.04,35.84,0.02,0,0.02,0.31,3.47,0,3.47,N,high
PT,EA,Roller Table,105,2,J_P2_2,J,P2,2,J2,4.76,5.12,59.04,35.84,0.04,0.02,0.02,0.33,3.63,0,3.63,N,high
PT,EA,Roller Table,105,2,J_P2_3,J,P2,3,J3,6.81,5.12,59.04,35.84,0.15,0,0.15,0.3,3.4,0,3.4,N,high
PT,EA,Roller Table,105,2,J_P2_4,J,P2,4,J4,5.76,5.12,59.04,35.84,0.02,0,0.02,0.3,3.27,0,3.27,N,high
PT,EA,Roller Table,105,2,J_P2_5,J,P2,5,J5,6.78,5.12,59.04,35.84,0.21,0.18,0.03,0.27,3.12,0,3.12,N,high
PT,EA,Roller Table,105,2,K_P2_1,K,P2,1,K1,3.26,46.02,31.44,22.54,0.48,0.48,0,0.19,2.18,0.18,2,P,high
PT,EA,Roller Table,105,2,K_P2_2,K,P2,2,K2,3.32,46.02,31.44,22.54,0.48,0.48,0,0.2,2.39,0.17,2.22,P,high
PT,EA,Roller Table,105,2,K_P2_3,K,P2,3,K3,4.42,46.02,31.44,22.54,1.49,1.49,0,0.24,2.45,0.17,2.28,P,high
PT,EA,Roller Table,105,2,K_P2_4,K,P2,4,K4,2.74,46.02,31.44,22.54,6.21,6.2,0.01,0.22,2.42,0.17,2.25,P,high
PT,EA,Roller Table,105,2,K_P2_5,K,P2,5,K5,3.78,46.02,31.44,22.54,10.27,10.25,0.02,0.25,2.75,0.2,2.55,P,high
PT,EA,Roller Table,105,2,L_P2_1,L,P2,1,L1,3.71,47.49,29.58,22.93,0.72,0.72,0,0.2,2.98,0.53,2.45,P,high
PT,EA,Roller Table,105,2,L_P2_2,L,P2,2,L2,3.7,47.49,29.58,22.93,0.83,0.83,0,0.27,3.14,0.47,2.67,P,high
PT,EA,Roller Table,105,2,L_P2_3,L,P2,3,L3,3.72,47.49,29.58,22.93,1.35,1.35,0,0.21,2.88,0.51,2.37,P,high
PT,EA,Roller Table,105,2,L_P2_4,L,P2,4,L4,3.22,47.49,29.58,22.93,0.65,0.55,0.11,0.2,3,0.58,2.42,P,high
PT,EA,Roller Table,105,2,L_P2_5,L,P2,5,L5,3.56,47.49,29.58,22.93,0.53,0.53,0,0.19,3.27,0.58,2.69,P,high
PT,EA,Dynacrush,105,D+2,A_P3_1,A,P3,1,A1,3.03,30.33,35.91,33.76,0.22,0,0.22,0.3,4.53,0.6,3.93,P,high
PT,EA,Dynacrush,105,D+2,A_P3_2,A,P3,2,A2,8.76,30.33,35.91,33.76,1.32,1.3,0.03,0.23,3.18,0.72,2.46,P,high
PT,EA,Dynacrush,105,D+2,A_P3_3,A,P3,3,A3,3.15,30.33,35.91,33.76,0.15,0,0.15,0.35,4.57,0.55,4.02,P,high
PT,EA,Dynacrush,105,D+2,A_P3_4,A,P3,4,A4,3.5,30.33,35.91,33.76,0.08,0,0.08,0.31,4.03,0.7,3.33,P,high
PT,EA,Dynacrush,105,D+2,A_P3_5,A,P3,5,A5,3.12,30.33,35.91,33.76,0.46,0.35,0.11,0.26,4.43,0.79,3.64,P,high
PT,EA,Dynacrush,105,D+2,B_P3_1,B,P3,1,B1,4.27,19.59,45.1,35.31,0.06,0,0.06,0.25,3.25,0.62,2.64,P,high
PT,EA,Dynacrush,105,D+2,B_P3_2,B,P3,2,B2,2.57,19.59,45.1,35.31,0.1,0,0.1,0.2,2.53,0.65,1.88,P,high
PT,EA,Dynacrush,105,D+2,B_P3_3,B,P3,3,B3,3.64,19.59,45.1,35.31,0.28,0,0.28,0.28,3.58,0.62,2.96,P,high
PT,EA,Dynacrush,105,D+2,B_P3_4,B,P3,4,B4,2.61,19.59,45.1,35.31,0.06,0,0.06,0.32,3.76,0.64,3.12,P,high
PT,EA,Dynacrush,105,D+2,B_P3_5,B,P3,5,B5,3.11,19.59,45.1,35.31,0.08,0,0.08,0.25,3.36,0.6,2.76,P,high
PT,EA,Dynacrush,105,D+2,C_P3_1,C,P3,1,C1,4.69,47.71,26.57,25.72,0.1,0,0.1,0.13,1.26,0,1.26, N,low
PT,EA,Dynacrush,105,D+2,C_P3_2,C,P3,2,C2,5.72,47.71,26.57,25.72,0.05,0,0.05,0.13,1.33,0,1.33, N,low
PT,EA,Dynacrush,105,D+2,C_P3_3,C,P3,3,C3,2.59,47.71,26.57,25.72,6.68,6.67,0.01,0.14,1.35,0,1.35, N,low
PT,EA,Dynacrush,105,D+2,C_P3_4,C,P3,4,C4,2.07,47.71,26.57,25.72,3.46,3.37,0.09,0.13,1.24,0,1.24, N,low
PT,EA,Dynacrush,105,D+2,C_P3_5,C,P3,5,C5,4.15,47.71,26.57,25.72,1.44,1.38,0.06,0.14,1.36,0,1.36, N,low
PT,EA,Dynacrush,105,D+2,D_P3_1,D,P3,1,D1,3.19,43.91,27.91,28.18,0,0,0,0.1,1.6,0.85,0.75,P,low
PT,EA,Dynacrush,105,D+2,D_P3_2,D,P3,2,D2,3.11,43.91,27.91,28.18,0.02,0,0.02,0.1,1.64,0.86,0.79,P,low
PT,EA,Dynacrush,105,D+2,D_P3_3,D,P3,3,D3,2.48,43.91,27.91,28.18,0,0,0,0.1,1.57,0.85,0.72,P,low
PT,EA,Dynacrush,105,D+2,D_P3_4,D,P3,4,D4,2.49,43.91,27.91,28.18,1.53,1.48,0.05,0.11,1.7,0.84,0.86,P,low
PT,EA,Dynacrush,105,D+2,D_P3_5,D,P3,5,D5,3.01,43.91,27.91,28.18,0.48,0.48,0.01,0.11,1.61,0.82,0.79,P,low
PT,EA,Dynacrush,105,D+2,E_P3_1,E,P3,1,E1,4.13,23.8,65.96,10.24,0.02,0,0.02,0.13,1.16,0,1.16, N,low
PT,EA,Dynacrush,105,D+2,E_P3_2,E,P3,2,E2,2.6,23.8,65.96,10.24,0,0,0,0.11,1.02,0,1.02, N,low
PT,EA,Dynacrush,105,D+2,E_P3_3,E,P3,3,E3,4.23,23.8,65.96,10.24,0.04,0,0.04,0.11,1.03,0,1.03, N,low
PT,EA,Dynacrush,105,D+2,E_P3_4,E,P3,4,E4,4.15,23.8,65.96,10.24,0.14,0,0.14,0.12,1.1,0,1.1, N,low
PT,EA,Dynacrush,105,D+2,E_P3_5,E,P3,5,E5,2.57,23.8,65.96,10.24,0.03,0,0.03,0.14,1.06,0,1.06, N,low
PT,EA,Dynacrush,105,D+2,F_P3_1,F,P3,1,F1,4.21,40.54,41.69,17.77,1.51,1.51,0,0.12,0.97,0,0.97, N,low
PT,EA,Dynacrush,105,D+2,F_P3_2,F,P3,2,F2,3.01,40.54,41.69,17.77,3.27,3.27,0,0.11,0.92,0,0.92, N,low
PT,EA,Dynacrush,105,D+2,F_P3_3,F,P3,3,F3,6.22,40.54,41.69,17.77,1.97,1.94,0.03,0.09,0.76,0,0.76, N,low
PT,EA,Dynacrush,105,D+2,F_P3_4,F,P3,4,F4,3.97,40.54,41.69,17.77,1.27,1.27,0,0.1,0.86,0,0.86, N,low
PT,EA,Dynacrush,105,D+2,F_P3_5,F,P3,5,F5,4.65,40.54,41.69,17.77,3.63,3.63,0,0.11,0.89,0,0.89, N,low
PT,EA,Dynacrush,105,D+2,G_P3_1,G,P3,1,G1,4.71,54.26,16.54,29.2,0.8,0.68,0.11,0.13,1.16,0,1.16, N,low
PT,EA,Dynacrush,105,D+2,G_P3_2,G,P3,2,G2,3.98,54.26,16.54,29.2,0.11,0,0.11,0.13,1.27,0,1.27, N,low
PT,EA,Dynacrush,105,D+2,G_P3_3,G,P3,3,G3,5.78,54.26,16.54,29.2,0.05,0,0.05,0.12,1.24,0,1.24, N,low
PT,EA,Dynacrush,105,D+2,G_P3_4,G,P3,4,G4,4,54.26,16.54,29.2,0.39,0.36,0.03,0.1,0.96,0,0.96, N,low
PT,EA,Dynacrush,105,D+2,G_P3_5,G,P3,5,G5,3.37,54.26,16.54,29.2,0.04,0,0.04,0.14,1.37,0,1.37, N,low
PT,EA,Dynacrush,105,D+2,H_P3_1,H,P3,1,H1,4.52,25.45,54.51,20.04,9.58,9.41,0.18,0.22,6.5,4.96,1.54,P,high
PT,EA,Dynacrush,105,D+2,H_P3_2,H,P3,2,H2,5.92,25.45,54.51,20.04,11.56,11.29,0.27,0.14,8.44,5.15,3.29,P,high
PT,EA,Dynacrush,105,D+2,H_P3_3,H,P3,3,H3,3.5,25.45,54.51,20.04,13.16,12.97,0.19,0.25,7.18,4.73,2.45,P,high
PT,EA,Dynacrush,105,D+2,H_P3_4,H,P3,4,H4,3.94,25.45,54.51,20.04,10.47,9.69,0.79,0.25,6.66,5.8,0.86,P,high
PT,EA,Dynacrush,105,D+2,H_P3_5,H,P3,5,H5,3.89,25.45,54.51,20.04,14.79,14.54,0.24,0.2,6.49,5.34,1.15,P,high
PT,EA,Dynacrush,105,D+2,I_P3_1,I,P3,1,I1,2.62,31.66,45.67,22.67,0,0,0,0.14,1.31,0,1.31,N,low
PT,EA,Dynacrush,105,D+2,I_P3_2,I,P3,2,I2,3.67,31.66,45.67,22.67,0,0,0,0.16,1.69,0,1.69,N,low
PT,EA,Dynacrush,105,D+2,I_P3_3,I,P3,3,I3,2.11,31.66,45.67,22.67,0,0,0,0.15,1.54,0,1.54,N,low
PT,EA,Dynacrush,105,D+2,I_P3_4,I,P3,4,I4,3.15,31.66,45.67,22.67,0.18,0,0.18,0.13,1.38,0,1.38,N,low
PT,EA,Dynacrush,105,D+2,I_P3_5,I,P3,5,I5,2.59,31.66,45.67,22.67,0,0,0,0.13,1.36,0,1.36,N,low
PT,EA,Dynacrush,105,D+2,J_P3_1,J,P3,1,J1,3.16,5.12,59.04,35.84,0,0,0,0.34,3.91,0,3.91,N,high
PT,EA,Dynacrush,105,D+2,J_P3_2,J,P3,2,J2,3.69,5.12,59.04,35.84,0,0,0,0.3,3.41,0,3.41,N,high
PT,EA,Dynacrush,105,D+2,J_P3_3,J,P3,3,J3,4.28,5.12,59.04,35.84,0.45,0,0.45,0.4,4.1,0,4.1,N,high
PT,EA,Dynacrush,105,D+2,J_P3_4,J,P3,4,J4,4.2,5.12,59.04,35.84,0,0,0,0.28,3.19,0,3.19,N,high
PT,EA,Dynacrush,105,D+2,J_P3_5,J,P3,5,J5,2.62,5.12,59.04,35.84,0,0,0,0.24,2.79,0,2.79,N,high
PT,EA,Dynacrush,105,D+2,K_P3_1,K,P3,1,K1,2.18,46.02,31.44,22.54,0,0,0,0.19,2.1,0.12,1.98,P,high
PT,EA,Dynacrush,105,D+2,K_P3_2,K,P3,2,K2,2.2,46.02,31.44,22.54,3.12,3.12,0,0.18,2.13,0.19,1.94,P,high
PT,EA,Dynacrush,105,D+2,K_P3_3,K,P3,3,K3,2.21,46.02,31.44,22.54,0,0,0,0.2,2.22,0.2,2.02,P,high
PT,EA,Dynacrush,105,D+2,K_P3_4,K,P3,4,K4,2.73,46.02,31.44,22.54,0.51,0.5,0.01,0.2,2.37,0.15,2.22,P,high
PT,EA,Dynacrush,105,D+2,K_P3_5,K,P3,5,K5,1.62,46.02,31.44,22.54,0,0,0,0.18,2.17,0.17,2,P,high
PT,EA,Dynacrush,105,D+2,L_P3_1,L,P3,1,L1,2.12,47.49,29.58,22.93,0,0,0,0.22,2.87,0.44,2.43,P,high
PT,EA,Dynacrush,105,D+2,L_P3_2,L,P3,2,L2,2.11,47.49,29.58,22.93,0,0,0,0.16,2.26,0.43,1.83,P,high
PT,EA,Dynacrush,105,D+2,L_P3_3,L,P3,3,L3,1.58,47.49,29.58,22.93,0,0,0,0.2,2.8,0.6,2.2,P,high
PT,EA,Dynacrush,105,D+2,L_P3_4,L,P3,4,L4,1.61,47.49,29.58,22.93,0,0,0,0.22,2.93,0.62,2.31,P,high
PT,EA,Dynacrush,105,D+2,L_P3_5,L,P3,5,L5,1.77,47.49,29.58,22.93,0,0,0,0.18,2.66,0.53,2.13,P,high
PT,EA,Ball Mill,105,8+2,A_P4_1,A,P4,1,A1,6.45,30.33,35.91,33.76,1.37,1.21,0.16,0.32,4.3,0.63,3.67,P,high
PT,EA,Ball Mill,105,8+2,A_P4_2,A,P4,2,A2,7.87,30.33,35.91,33.76,0.99,0.82,0.17,0.29,4.07,0.64,3.43,P,high
PT,EA,Ball Mill,105,8+2,A_P4_3,A,P4,3,A3,7.84,30.33,35.91,33.76,1.68,1.49,0.19,0.31,4.16,0.65,3.51,P,high
PT,EA,Ball Mill,105,8+2,A_P4_4,A,P4,4,A4,7.38,30.33,35.91,33.76,1.65,1.4,0.25,0.31,4.26,0.7,3.56,P,high
PT,EA,Ball Mill,105,8+2,A_P4_5,A,P4,5,A5,6.14,30.33,35.91,33.76,1.05,0.73,0.32,0.28,4.05,0.78,3.27,P,high
PT,EA,Ball Mill,105,8+2,B_P4_1,B,P4,1,B1,13.37,19.59,45.1,35.31,0.56,0.16,0.4,0.27,3.31,0.64,2.67,P,high
PT,EA,Ball Mill,105,8+2,B_P4_2,B,P4,2,B2,10.69,19.59,45.1,35.31,1,0.69,0.31,0.21,2.7,0.64,2.06,P,high
PT,EA,Ball Mill,105,8+2,B_P4_3,B,P4,3,B3,10.74,19.59,45.1,35.31,0.42,0.13,0.29,0.28,3.35,0.61,2.74,P,high
PT,EA,Ball Mill,105,8+2,B_P4_4,B,P4,4,B4,7.46,19.59,45.1,35.31,1.03,0.56,0.47,0.19,2.48,0.66,1.82,P,high
PT,EA,Ball Mill,105,8+2,B_P4_5,B,P4,5,B5,10.89,19.59,45.1,35.31,0.26,0,0.26,0.29,3.16,0.61,2.55,P,high
PT,EA,Ball Mill,105,8+2,C_P4_1,C,P4,1,C1,9.64,47.71,26.57,25.72,4.43,4.02,0.41,0.13,1.22,0,1.22, N,low
PT,EA,Ball Mill,105,8+2,C_P4_2,C,P4,2,C2,8.4,47.71,26.57,25.72,5.09,4.89,0.2,0.13,1.18,0,1.18, N,low
PT,EA,Ball Mill,105,8+2,C_P4_3,C,P4,3,C3,6.85,47.71,26.57,25.72,3.89,3.59,0.3,0.13,1.27,0,1.27, N,low
PT,EA,Ball Mill,105,8+2,C_P4_4,C,P4,4,C4,8.69,47.71,26.57,25.72,7.33,6.91,0.43,0.12,1.16,0,1.16, N,low
PT,EA,Ball Mill,105,8+2,C_P4_5,C,P4,5,C5,11.22,47.71,26.57,25.72,4.42,4.22,0.2,0.13,1.13,0,1.13, N,low
PT,EA,Ball Mill,105,8+2,D_P4_1,D,P4,1,D1,3.73,43.91,27.91,28.18,0.09,0.04,0.05,0.11,1.7,0.84,0.86,P,low
PT,EA,Ball Mill,105,8+2,D_P4_2,D,P4,2,D2,3.75,43.91,27.91,28.18,0.19,0.12,0.07,0.11,1.73,0.83,0.91,P,low
PT,EA,Ball Mill,105,8+2,D_P4_3,D,P4,3,D3,3.98,43.91,27.91,28.18,0.06,0.04,0.02,0.11,1.68,0.86,0.83,P,low
PT,EA,Ball Mill,105,8+2,D_P4_4,D,P4,4,D4,4.29,43.91,27.91,28.18,0.17,0.14,0.04,0.1,1.7,0.88,0.82,P,low
PT,EA,Ball Mill,105,8+2,D_P4_5,D,P4,5,D5,3.92,43.91,27.91,28.18,0.32,0.29,0.03,0.11,1.72,0.87,0.85,P,low
PT,EA,Ball Mill,105,8+2,E_P4_1,E,P4,1,E1,5.89,23.8,65.96,10.24,1,0.68,0.32,0.12,1.12,0,1.12, N,low
PT,EA,Ball Mill,105,8+2,E_P4_2,E,P4,2,E2,3.97,23.8,65.96,10.24,0.39,0.02,0.37,0.12,1.1,0,1.1, N,low
PT,EA,Ball Mill,105,8+2,E_P4_3,E,P4,3,E3,5.08,23.8,65.96,10.24,0.18,0,0.18,0.12,1.08,0,1.08, N,low
PT,EA,Ball Mill,105,8+2,E_P4_4,E,P4,4,E4,4.6,23.8,65.96,10.24,0.14,0,0.14,0.12,1.1,0,1.1, N,low
PT,EA,Ball Mill,105,8+2,E_P4_5,E,P4,5,E5,6.51,23.8,65.96,10.24,0.24,0,0.24,0.12,1.09,0,1.09, N,low
PT,EA,Ball Mill,105,8+2,F_P4_1,F,P4,1,F1,5.01,40.54,41.69,17.77,6.87,6.77,0.1,0.11,0.98,0,0.98, N,low
PT,EA,Ball Mill,105,8+2,F_P4_2,F,P4,2,F2,6.61,40.54,41.69,17.77,3.76,3.57,0.19,0.11,0.98,0,0.98, N,low
PT,EA,Ball Mill,105,8+2,F_P4_3,F,P4,3,F3,6.8,40.54,41.69,17.77,3.37,3.18,0.19,0.12,1,0,1, N,low
PT,EA,Ball Mill,105,8+2,F_P4_4,F,P4,4,F4,5.61,40.54,41.69,17.77,3.8,3.69,0.11,0.11,0.93,0,0.93, N,low
PT,EA,Ball Mill,105,8+2,F_P4_5,F,P4,5,F5,5.38,40.54,41.69,17.77,3.44,3.27,0.16,0.11,1,0,1, N,low
PT,EA,Ball Mill,105,8+2,G_P4_1,G,P4,1,G1,8,54.26,16.54,29.2,1.45,1.06,0.39,0.12,1.16,0,1.16, N,low
PT,EA,Ball Mill,105,8+2,G_P4_2,G,P4,2,G2,7.38,54.26,16.54,29.2,1.35,1.03,0.32,0.13,1.22,0,1.22, N,low
PT,EA,Ball Mill,105,8+2,G_P4_3,G,P4,3,G3,7.23,54.26,16.54,29.2,1.27,0.77,0.5,0.13,1.23,0,1.23, N,low
PT,EA,Ball Mill,105,8+2,G_P4_4,G,P4,4,G4,5.64,54.26,16.54,29.2,1.11,0.79,0.32,0.13,1.25,0,1.25, N,low
PT,EA,Ball Mill,105,8+2,G_P4_5,G,P4,5,G5,7.97,54.26,16.54,29.2,0.97,0.6,0.37,0.13,1.26,0,1.26, N,low
PT,EA,Ball Mill,105,8+2,H_P4_1,H,P4,1,H1,12.77,25.45,54.51,20.04,9.88,9.01,0.88,0.23,7.36,4.63,2.73,P,high
PT,EA,Ball Mill,105,8+2,H_P4_2,H,P4,2,H2,13.33,25.45,54.51,20.04,13.51,12.58,0.93,0.22,7.32,4.82,2.5,P,high
PT,EA,Ball Mill,105,8+2,H_P4_3,H,P4,3,H3,11.06,25.45,54.51,20.04,13.6,12.63,0.96,0.23,7.42,4.79,2.63,P,high
PT,EA,Ball Mill,105,8+2,H_P4_4,H,P4,4,H4,11.84,25.45,54.51,20.04,14.8,13.69,1.1,0.23,7.5,4.83,2.67,P,high
PT,EA,Ball Mill,105,8+2,H_P4_5,H,P4,5,H5,13.08,25.45,54.51,20.04,13.26,12.19,1.07,0.23,7.26,4.6,2.66,P,high
PT,EA,Ball Mill,105,8+2,I_P4_1,I,P4,1,I1,4,31.66,45.67,22.67,0.08,0,0.08,0.14,1.42,0,1.42,N,low
PT,EA,Ball Mill,105,8+2,I_P4_2,I,P4,2,I2,4.3,31.66,45.67,22.67,0.2,0,0.2,0.14,1.4,0,1.4,N,low
PT,EA,Ball Mill,105,8+2,I_P4_3,I,P4,3,I3,4.33,31.66,45.67,22.67,0.11,0.06,0.05,0.14,1.38,0,1.38,N,low
PT,EA,Ball Mill,105,8+2,I_P4_4,I,P4,4,I4,4.32,31.66,45.67,22.67,0.28,0.08,0.19,0.13,1.36,0,1.36,N,low
PT,EA,Ball Mill,105,8+2,I_P4_5,I,P4,5,I5,4.32,31.66,45.67,22.67,0.06,0,0.06,0.13,1.32,0,1.32,N,low
PT,EA,Ball Mill,105,8+2,J_P4_1,J,P4,1,J1,7.71,5.12,59.04,35.84,0.12,0.07,0.05,0.3,3.2,0,3.2,N,high
PT,EA,Ball Mill,105,8+2,J_P4_2,J,P4,2,J2,5.46,5.12,59.04,35.84,0.3,0.23,0.06,0.32,3.52,0,3.52,N,high
PT,EA,Ball Mill,105,8+2,J_P4_3,J,P4,3,J3,7.79,5.12,59.04,35.84,0.06,0.03,0.03,0.32,3.48,0,3.48,N,high
PT,EA,Ball Mill,105,8+2,J_P4_4,J,P4,4,J4,8.02,5.12,59.04,35.84,0.03,0,0.03,0.3,3.35,0,3.35,N,high
PT,EA,Ball Mill,105,8+2,J_P4_5,J,P4,5,J5,6.38,5.12,59.04,35.84,0.03,0,0.03,0.32,3.28,0,3.28,N,high
PT,EA,Ball Mill,105,8+2,K_P4_1,K,P4,1,K1,3.99,46.02,31.44,22.54,0.46,0.4,0.06,0.19,2.15,0.22,1.93,P,high
PT,EA,Ball Mill,105,8+2,K_P4_2,K,P4,2,K2,3.66,46.02,31.44,22.54,0.66,0.62,0.03,0.2,2.16,0.19,1.97,P,high
PT,EA,Ball Mill,105,8+2,K_P4_3,K,P4,3,K3,3.94,46.02,31.44,22.54,3.39,3.38,0,0.18,2.22,0.19,2.03,P,high
PT,EA,Ball Mill,105,8+2,K_P4_4,K,P4,4,K4,3.94,46.02,31.44,22.54,0.78,0.72,0.06,0.16,2.12,0.19,1.93,P,high
PT,EA,Ball Mill,105,8+2,K_P4_5,K,P4,5,K5,3.66,46.02,31.44,22.54,0.62,0.56,0.06,0.21,2.13,0.22,1.91,P,high
PT,EA,Ball Mill,105,8+2,L_P4_1,L,P4,1,L1,5.39,47.49,29.58,22.93,1.35,1.34,0.01,0.21,2.76,0.47,2.29,P,high
PT,EA,Ball Mill,105,8+2,L_P4_2,L,P4,2,L2,4.78,47.49,29.58,22.93,0.52,0.47,0.04,0.2,2.7,0.48,2.22,P,high
PT,EA,Ball Mill,105,8+2,L_P4_3,L,P4,3,L3,3.7,47.49,29.58,22.93,0.85,0.71,0.14,0.2,2.68,0.49,2.19,P,high
PT,EA,Ball Mill,105,8+2,L_P4_4,L,P4,4,L4,3.98,47.49,29.58,22.93,0.72,0.71,0.01,0.18,2.73,0.5,2.23,P,high
PT,EA,Ball Mill,105,8+2,L_P4_5,L,P4,5,L5,4.53,47.49,29.58,22.93,1.71,1.67,0.04,0.21,2.67,0.47,2.2,P,high
PT,EA,No Grind,105,8+2,A_P5_1,A,P5,1,A1,6.45,30.33,35.91,33.76,1.37,1.21,0.16,0.28,3.82,0.64,3.18,P,high
PT,EA,No Grind,105,8+2,A_P5_2,A,P5,2,A2,7.87,30.33,35.91,33.76,0.99,0.82,0.17,0.27,3.56,0.65,2.91,P,high
PT,EA,No Grind,105,8+2,A_P5_3,A,P5,3,A3,7.84,30.33,35.91,33.76,1.68,1.49,0.19,0.26,3.61,0.67,2.95,P,high
PT,EA,No Grind,105,8+2,A_P5_4,A,P5,4,A4,7.38,30.33,35.91,33.76,1.65,1.4,0.25,0.29,3.9,0.73,3.17,P,high
PT,EA,No Grind,105,8+2,A_P5_5,A,P5,5,A5,6.14,30.33,35.91,33.76,1.05,0.73,0.32,0.23,3.74,0.71,3.03,P,high
PT,EA,No Grind,105,8+2,B_P5_1,B,P5,1,B1,13.37,19.59,45.1,35.31,0.56,0.16,0.4,0.31,3.65,0.6,3.05,P,high
PT,EA,No Grind,105,8+2,B_P5_2,B,P5,2,B2,10.69,19.59,45.1,35.31,1,0.69,0.31,0.22,2.75,0.78,1.97,P,high
PT,EA,No Grind,105,8+2,B_P5_3,B,P5,3,B3,10.74,19.59,45.1,35.31,0.42,0.13,0.29,0.31,3.53,0.56,2.97,P,high
PT,EA,No Grind,105,8+2,B_P5_4,B,P5,4,B4,7.46,19.59,45.1,35.31,1.03,0.56,0.47,0.19,2.41,0.66,1.76,P,high
PT,EA,No Grind,105,8+2,B_P5_5,B,P5,5,B5,10.89,19.59,45.1,35.31,0.26,0,0.26,0.25,3.28,0.57,2.71,P,high
PT,EA,No Grind,105,8+2,C_P5_1,C,P5,1,C1,9.64,47.71,26.57,25.72,4.43,4.02,0.41,0.14,1.36,0,1.36, N,low
PT,EA,No Grind,105,8+2,C_P5_2,C,P5,2,C2,8.4,47.71,26.57,25.72,5.09,4.89,0.2,0.13,1.32,0,1.32, N,low
PT,EA,No Grind,105,8+2,C_P5_3,C,P5,3,C3,6.85,47.71,26.57,25.72,3.89,3.59,0.3,0.13,1.27,0,1.27, N,low
PT,EA,No Grind,105,8+2,C_P5_4,C,P5,4,C4,8.69,47.71,26.57,25.72,7.33,6.91,0.43,0.13,1.23,0,1.23, N,low
PT,EA,No Grind,105,8+2,C_P5_5,C,P5,5,C5,11.22,47.71,26.57,25.72,4.42,4.22,0.2,0.12,1.21,0,1.21, N,low
PT,EA,No Grind,105,8+2,D_P5_1,D,P5,1,D1,3.73,43.91,27.91,28.18,0.09,0.04,0.05,0.11,1.74,0.83,0.91,P,low
PT,EA,No Grind,105,8+2,D_P5_2,D,P5,2,D2,3.75,43.91,27.91,28.18,0.19,0.12,0.07,0.1,1.57,0.85,0.72,P,low
PT,EA,No Grind,105,8+2,D_P5_3,D,P5,3,D3,3.98,43.91,27.91,28.18,0.06,0.04,0.02,0.11,1.66,0.81,0.85,P,low
PT,EA,No Grind,105,8+2,D_P5_4,D,P5,4,D4,4.29,43.91,27.91,28.18,0.17,0.14,0.04,0.1,1.61,0.85,0.76,P,low
PT,EA,No Grind,105,8+2,D_P5_5,D,P5,5,D5,3.92,43.91,27.91,28.18,0.32,0.29,0.03,0.1,1.58,0.83,0.75,P,low
PT,EA,No Grind,105,8+2,E_P5_1,E,P5,1,E1,5.89,23.8,65.96,10.24,1,0.68,0.32,0.11,1.08,0,1.08, N,low
PT,EA,No Grind,105,8+2,E_P5_2,E,P5,2,E2,3.97,23.8,65.96,10.24,0.39,0.02,0.37,0.11,1.05,0,1.05, N,low
PT,EA,No Grind,105,8+2,E_P5_3,E,P5,3,E3,5.08,23.8,65.96,10.24,0.18,0,0.18,0.12,1.41,0,1.41, N,low
PT,EA,No Grind,105,8+2,E_P5_4,E,P5,4,E4,4.6,23.8,65.96,10.24,0.14,0,0.14,0.12,1,0,1, N,low
PT,EA,No Grind,105,8+2,E_P5_5,E,P5,5,E5,6.51,23.8,65.96,10.24,0.24,0,0.24,0.13,1.14,0,1.14, N,low
PT,EA,No Grind,105,8+2,F_P5_1,F,P5,1,F1,5.01,40.54,41.69,17.77,6.87,6.77,0.1,0.11,0.95,0,0.95, N,low
PT,EA,No Grind,105,8+2,F_P5_2,F,P5,2,F2,6.61,40.54,41.69,17.77,3.76,3.57,0.19,0.1,0.89,0,0.89, N,low
PT,EA,No Grind,105,8+2,F_P5_3,F,P5,3,F3,6.8,40.54,41.69,17.77,3.37,3.18,0.19,0.12,1.03,0,1.03, N,low
PT,EA,No Grind,105,8+2,F_P5_4,F,P5,4,F4,5.61,40.54,41.69,17.77,3.8,3.69,0.11,0.11,0.93,0,0.93, N,low
PT,EA,No Grind,105,8+2,F_P5_5,F,P5,5,F5,5.38,40.54,41.69,17.77,3.44,3.27,0.16,0.11,0.94,0,0.94, N,low
PT,EA,No Grind,105,8+2,G_P5_1,G,P5,1,G1,8,54.26,16.54,29.2,1.45,1.06,0.39,0.13,1.28,0,1.28, N,low
PT,EA,No Grind,105,8+2,G_P5_2,G,P5,2,G2,7.38,54.26,16.54,29.2,1.35,1.03,0.32,0.12,1.27,0,1.27, N,low
PT,EA,No Grind,105,8+2,G_P5_3,G,P5,3,G3,7.23,54.26,16.54,29.2,1.27,0.77,0.5,0.14,1.4,0,1.4, N,low
PT,EA,No Grind,105,8+2,G_P5_4,G,P5,4,G4,5.64,54.26,16.54,29.2,1.11,0.79,0.32,0.14,1.42,0,1.42, N,low
PT,EA,No Grind,105,8+2,G_P5_5,G,P5,5,G5,7.97,54.26,16.54,29.2,0.97,0.6,0.37,0.14,1.4,0,1.4, N,low
PT,EA,No Grind,105,8+2,H_P5_1,H,P5,1,H1,12.77,25.45,54.51,20.04,9.88,9.01,0.88,0.2,7.49,5.04,2.46,P,high
PT,EA,No Grind,105,8+2,H_P5_2,H,P5,2,H2,13.33,25.45,54.51,20.04,13.51,12.58,0.93,0.25,6.48,4.77,1.71,P,high
PT,EA,No Grind,105,8+2,H_P5_3,H,P5,3,H3,11.06,25.45,54.51,20.04,13.6,12.63,0.96,0.21,7.26,5.24,2.02,P,high
PT,EA,No Grind,105,8+2,H_P5_4,H,P5,4,H4,11.84,25.45,54.51,20.04,14.8,13.69,1.1,0.25,7.17,5.15,2.02,P,high
PT,EA,No Grind,105,8+2,H_P5_5,H,P5,5,H5,13.08,25.45,54.51,20.04,13.26,12.19,1.07,0.22,7.14,4.03,3.11,P,high
PT,EA,No Grind,105,8+2,I_P5_1,I,P5,1,I1,4,31.66,45.67,22.67,0.08,0,0.08,0.14,1.46,0,1.46,N,low
PT,EA,No Grind,105,8+2,I_P5_2,I,P5,2,I2,4.3,31.66,45.67,22.67,0.2,0,0.2,0.13,1.38,0,1.38,N,low
PT,EA,No Grind,105,8+2,I_P5_3,I,P5,3,I3,4.33,31.66,45.67,22.67,0.11,0.06,0.05,0.13,1.36,0,1.36,N,low
PT,EA,No Grind,105,8+2,I_P5_4,I,P5,4,I4,4.32,31.66,45.67,22.67,0.28,0.08,0.19,0.13,1.31,0,1.31,N,low
PT,EA,No Grind,105,8+2,I_P5_5,I,P5,5,I5,4.32,31.66,45.67,22.67,0.06,0,0.06,0.13,1.28,0,1.28,N,low
PT,EA,No Grind,105,8+2,J_P5_1,J,P5,1,J1,7.71,5.12,59.04,35.84,0.12,0.07,0.05,0.23,2.75,0,2.75,N,high
PT,EA,No Grind,105,8+2,J_P5_2,J,P5,2,J2,5.46,5.12,59.04,35.84,0.3,0.23,0.06,0.31,3.35,0,3.35,N,high
PT,EA,No Grind,105,8+2,J_P5_3,J,P5,3,J3,7.79,5.12,59.04,35.84,0.06,0.03,0.03,0.32,3.34,0,3.34,N,high
PT,EA,No Grind,105,8+2,J_P5_4,J,P5,4,J4,8.02,5.12,59.04,35.84,0.03,0,0.03,0.3,3.26,0,3.26,N,high
PT,EA,No Grind,105,8+2,J_P5_5,J,P5,5,J5,6.38,5.12,59.04,35.84,0.03,0,0.03,0.27,3.11,0,3.11,N,high
PT,EA,No Grind,105,8+2,K_P5_1,K,P5,1,K1,3.99,46.02,31.44,22.54,0.46,0.4,0.06,0.19,2.2,0.09,2.12,P,high
PT,EA,No Grind,105,8+2,K_P5_2,K,P5,2,K2,3.66,46.02,31.44,22.54,0.66,0.62,0.03,0.2,2.22,0.25,1.97,P,high
PT,EA,No Grind,105,8+2,K_P5_3,K,P5,3,K3,3.94,46.02,31.44,22.54,3.39,3.38,0,0.17,1.86,0.14,1.72,P,high
PT,EA,No Grind,105,8+2,K_P5_4,K,P5,4,K4,3.94,46.02,31.44,22.54,0.78,0.72,0.06,0.19,2.14,0.19,1.95,P,high
PT,EA,No Grind,105,8+2,K_P5_5,K,P5,5,K5,3.66,46.02,31.44,22.54,0.62,0.56,0.06,0.18,2.18,0.19,1.99,P,high
PT,EA,No Grind,105,8+2,L_P5_1,L,P5,1,L1,5.39,47.49,29.58,22.93,1.35,1.34,0.01,0.2,2.85,0.49,2.36,P,high
PT,EA,No Grind,105,8+2,L_P5_2,L,P5,2,L2,4.78,47.49,29.58,22.93,0.52,0.47,0.04,0.18,2.46,0.43,2.03,P,high
PT,EA,No Grind,105,8+2,L_P5_3,L,P5,3,L3,3.7,47.49,29.58,22.93,0.85,0.71,0.14,0.2,2.57,0.47,2.1,P,high
PT,EA,No Grind,105,8+2,L_P5_4,L,P5,4,L4,3.98,47.49,29.58,22.93,0.72,0.71,0.01,0.22,3.09,0.48,2.61,P,high
PT,EA,No Grind,105,8+2,L_P5_5,L,P5,5,L5,4.53,47.49,29.58,22.93,1.71,1.67,0.04,0.17,2.56,0.5,2.06,P,high
PT,EA,Roller Table,60,8+2,A_P6_1,A,P6,1,A1,6.45,30.33,35.91,33.76,1.37,1.21,0.16,0.31,4.26,0.71,3.55,P,high
PT,EA,Roller Table,60,8+2,A_P6_2,A,P6,2,A2,7.87,30.33,35.91,33.76,0.99,0.82,0.17,0.31,4.24,0.69,3.55,P,high
PT,EA,Roller Table,60,8+2,A_P6_3,A,P6,3,A3,7.84,30.33,35.91,33.76,1.68,1.49,0.19,0.34,4.34,0.83,3.51,P,high
PT,EA,Roller Table,60,8+2,A_P6_4,A,P6,4,A4,7.38,30.33,35.91,33.76,1.65,1.4,0.25,0.33,4.7,0.82,3.88,P,high
PT,EA,Roller Table,60,8+2,A_P6_5,A,P6,5,A5,6.14,30.33,35.91,33.76,1.05,0.73,0.32,0.32,4.37,0.77,3.6,P,high
PT,EA,Roller Table,60,8+2,B_P6_1,B,P6,1,B1,13.37,19.59,45.1,35.31,0.56,0.16,0.4,0.24,3.03,0.67,2.36,P,high
PT,EA,Roller Table,60,8+2,B_P6_2,B,P6,2,B2,10.69,19.59,45.1,35.31,1,0.69,0.31,0.25,2.97,0.62,2.35,P,high
PT,EA,Roller Table,60,8+2,B_P6_3,B,P6,3,B3,10.74,19.59,45.1,35.31,0.42,0.13,0.29,0.28,3.44,0.66,2.78,P,high
PT,EA,Roller Table,60,8+2,B_P6_4,B,P6,4,B4,7.46,19.59,45.1,35.31,1.03,0.56,0.47,0.24,2.98,0.66,2.32,P,high
PT,EA,Roller Table,60,8+2,B_P6_5,B,P6,5,B5,10.89,19.59,45.1,35.31,0.26,0,0.26,0.25,3.15,0.64,2.51,P,high
PT,EA,Roller Table,60,8+2,C_P6_1,C,P6,1,C1,9.64,47.71,26.57,25.72,4.43,4.02,0.41,0.12,1.14,0,1.14, N,low
PT,EA,Roller Table,60,8+2,C_P6_2,C,P6,2,C2,8.4,47.71,26.57,25.72,5.09,4.89,0.2,0.12,1.11,0,1.11, N,low
PT,EA,Roller Table,60,8+2,C_P6_3,C,P6,3,C3,6.85,47.71,26.57,25.72,3.89,3.59,0.3,0.13,1.25,0,1.25, N,low
PT,EA,Roller Table,60,8+2,C_P6_4,C,P6,4,C4,8.69,47.71,26.57,25.72,7.33,6.91,0.43,0.13,1.25,0,1.25, N,low
PT,EA,Roller Table,60,8+2,C_P6_5,C,P6,5,C5,11.22,47.71,26.57,25.72,4.42,4.22,0.2,0.13,1.23,0,1.23, N,low
PT,EA,Roller Table,60,8+2,D_P6_1,D,P6,1,D1,3.73,43.91,27.91,28.18,0.09,0.04,0.05,0.11,1.77,0.84,0.93,P,low
PT,EA,Roller Table,60,8+2,D_P6_2,D,P6,2,D2,3.75,43.91,27.91,28.18,0.19,0.12,0.07,0.11,1.71,0.91,0.8,P,low
PT,EA,Roller Table,60,8+2,D_P6_3,D,P6,3,D3,3.98,43.91,27.91,28.18,0.06,0.04,0.02,0.1,1.71,0.95,0.77,P,low
PT,EA,Roller Table,60,8+2,D_P6_4,D,P6,4,D4,4.29,43.91,27.91,28.18,0.17,0.14,0.04,0.11,1.66,0.9,0.76,P,low
PT,EA,Roller Table,60,8+2,D_P6_5,D,P6,5,D5,3.92,43.91,27.91,28.18,0.32,0.29,0.03,0.1,1.64,0.96,0.68,P,low
PT,EA,Roller Table,60,8+2,E_P6_1,E,P6,1,E1,5.89,23.8,65.96,10.24,1,0.68,0.32,0.11,1.05,0,1.05, N,low
PT,EA,Roller Table,60,8+2,E_P6_2,E,P6,2,E2,3.97,23.8,65.96,10.24,0.39,0.02,0.37,0.12,1.16,0,1.16, N,low
PT,EA,Roller Table,60,8+2,E_P6_3,E,P6,3,E3,5.08,23.8,65.96,10.24,0.18,0,0.18,0.11,1.03,0,1.03, N,low
PT,EA,Roller Table,60,8+2,E_P6_4,E,P6,4,E4,4.6,23.8,65.96,10.24,0.14,0,0.14,0.11,1.07,0,1.07, N,low
PT,EA,Roller Table,60,8+2,E_P6_5,E,P6,5,E5,6.51,23.8,65.96,10.24,0.24,0,0.24,0.12,1.09,0,1.09, N,low
PT,EA,Roller Table,60,8+2,F_P6_1,F,P6,1,F1,5.01,40.54,41.69,17.77,6.87,6.77,0.1,0.12,1.03,0,1.03, N,low
PT,EA,Roller Table,60,8+2,F_P6_2,F,P6,2,F2,6.61,40.54,41.69,17.77,3.76,3.57,0.19,0.12,1.02,0,1.02, N,low
PT,EA,Roller Table,60,8+2,F_P6_3,F,P6,3,F3,6.8,40.54,41.69,17.77,3.37,3.18,0.19,0.11,1,0,1, N,low
PT,EA,Roller Table,60,8+2,F_P6_4,F,P6,4,F4,5.61,40.54,41.69,17.77,3.8,3.69,0.11,0.11,0.99,0,0.99, N,low
PT,EA,Roller Table,60,8+2,F_P6_5,F,P6,5,F5,5.38,40.54,41.69,17.77,3.44,3.27,0.16,0.12,1.03,0,1.03, N,low
PT,EA,Roller Table,60,8+2,G_P6_1,G,P6,1,G1,8,54.26,16.54,29.2,1.45,1.06,0.39,0.16,1.63,0,1.63, N,low
PT,EA,Roller Table,60,8+2,G_P6_2,G,P6,2,G2,7.38,54.26,16.54,29.2,1.35,1.03,0.32,0.15,1.52,0,1.52, N,low
PT,EA,Roller Table,60,8+2,G_P6_3,G,P6,3,G3,7.23,54.26,16.54,29.2,1.27,0.77,0.5,0.14,1.39,0,1.39, N,low
PT,EA,Roller Table,60,8+2,G_P6_4,G,P6,4,G4,5.64,54.26,16.54,29.2,1.11,0.79,0.32,0.15,1.46,0,1.46, N,low
PT,EA,Roller Table,60,8+2,G_P6_5,G,P6,5,G5,7.97,54.26,16.54,29.2,0.97,0.6,0.37,0.15,1.5,0,1.5, N,low
PT,EA,Roller Table,60,8+2,H_P6_1,H,P6,1,H1,12.77,25.45,54.51,20.04,9.88,9.01,0.88,0.23,7.06,4.79,2.27,P,high
PT,EA,Roller Table,60,8+2,H_P6_2,H,P6,2,H2,13.33,25.45,54.51,20.04,13.51,12.58,0.93,0.26,7.05,5.33,1.72,P,high
PT,EA,Roller Table,60,8+2,H_P6_3,H,P6,3,H3,11.06,25.45,54.51,20.04,13.6,12.63,0.96,0.25,7.16,5.08,2.08,P,high
PT,EA,Roller Table,60,8+2,H_P6_4,H,P6,4,H4,11.84,25.45,54.51,20.04,14.8,13.69,1.1,0.24,7.02,5.19,1.83,P,high
PT,EA,Roller Table,60,8+2,H_P6_5,H,P6,5,H5,13.08,25.45,54.51,20.04,13.26,12.19,1.07,0.23,7.14,4.96,2.18,P,high
PT,EA,Roller Table,60,8+2,I_P6_1,I,P6,1,I1,4,31.66,45.67,22.67,0.08,0,0.08,0.15,1.51,0,1.51,N,low
PT,EA,Roller Table,60,8+2,I_P6_2,I,P6,2,I2,4.3,31.66,45.67,22.67,0.2,0,0.2,0.14,1.4,0,1.4,N,low
PT,EA,Roller Table,60,8+2,I_P6_3,I,P6,3,I3,4.33,31.66,45.67,22.67,0.11,0.06,0.05,0.14,1.43,0,1.43,N,low
PT,EA,Roller Table,60,8+2,I_P6_4,I,P6,4,I4,4.32,31.66,45.67,22.67,0.28,0.08,0.19,0.13,1.37,0,1.37,N,low
PT,EA,Roller Table,60,8+2,I_P6_5,I,P6,5,I5,4.32,31.66,45.67,22.67,0.06,0,0.06,0.13,1.37,0,1.37,N,low
PT,EA,Roller Table,60,8+2,J_P6_1,J,P6,1,J1,7.71,5.12,59.04,35.84,0.12,0.07,0.05,0.27,3.06,0,3.06,N,high
PT,EA,Roller Table,60,8+2,J_P6_2,J,P6,2,J2,5.46,5.12,59.04,35.84,0.3,0.23,0.06,0.3,3.4,0,3.4,N,high
PT,EA,Roller Table,60,8+2,J_P6_3,J,P6,3,J3,7.79,5.12,59.04,35.84,0.06,0.03,0.03,0.28,3.15,0,3.15,N,high
PT,EA,Roller Table,60,8+2,J_P6_4,J,P6,4,J4,8.02,5.12,59.04,35.84,0.03,0,0.03,0.3,3.16,0,3.16,N,high
PT,EA,Roller Table,60,8+2,J_P6_5,J,P6,5,J5,6.38,5.12,59.04,35.84,0.03,0,0.03,0.27,3.08,0,3.08,N,high
PT,EA,Roller Table,60,8+2,K_P6_1,K,P6,1,K1,3.99,46.02,31.44,22.54,0.46,0.4,0.06,0.2,2.25,0.12,2.13,P,high
PT,EA,Roller Table,60,8+2,K_P6_2,K,P6,2,K2,3.66,46.02,31.44,22.54,0.66,0.62,0.03,0.2,2.45,0.24,2.21,P,high
PT,EA,Roller Table,60,8+2,K_P6_3,K,P6,3,K3,3.94,46.02,31.44,22.54,3.39,3.38,0,0.21,2.45,0.18,2.27,P,high
PT,EA,Roller Table,60,8+2,K_P6_4,K,P6,4,K4,3.94,46.02,31.44,22.54,0.78,0.72,0.06,0.2,2.11,0.23,1.88,P,high
PT,EA,Roller Table,60,8+2,K_P6_5,K,P6,5,K5,3.66,46.02,31.44,22.54,0.62,0.56,0.06,0.22,2.54,0.19,2.35,P,high
PT,EA,Roller Table,60,8+2,L_P6_1,L,P6,1,L1,5.39,47.49,29.58,22.93,1.35,1.34,0.01,0.25,3.61,0.55,3.06,P,high
PT,EA,Roller Table,60,8+2,L_P6_2,L,P6,2,L2,4.78,47.49,29.58,22.93,0.52,0.47,0.04,0.21,3.09,0.59,2.5,P,high
PT,EA,Roller Table,60,8+2,L_P6_3,L,P6,3,L3,3.7,47.49,29.58,22.93,0.85,0.71,0.14,0.22,3.07,0.5,2.57,P,high
PT,EA,Roller Table,60,8+2,L_P6_4,L,P6,4,L4,3.98,47.49,29.58,22.93,0.72,0.71,0.01,0.2,2.8,0.5,2.3,P,high
PT,EA,Roller Table,60,8+2,L_P6_5,L,P6,5,L5,4.53,47.49,29.58,22.93,1.71,1.67,0.04,0.25,3.51,0.56,2.95,P,high
PT,EA,Roller Table,Air Dried,8+2,A_P7_1,A,P7,1,A1,6.45,30.33,35.91,33.76,1.37,1.21,0.16,0.34,4.49,0.68,3.81,P,high
PT,EA,Roller Table,Air Dried,8+2,A_P7_2,A,P7,2,A2,7.87,30.33,35.91,33.76,0.99,0.82,0.17,0.31,3.96,0.68,3.28,P,high
PT,EA,Roller Table,Air Dried,8+2,A_P7_3,A,P7,3,A3,7.84,30.33,35.91,33.76,1.68,1.49,0.19,0.29,3.98,0.73,3.25,P,high
PT,EA,Roller Table,Air Dried,8+2,A_P7_4,A,P7,4,A4,7.38,30.33,35.91,33.76,1.65,1.4,0.25,0.28,3.73,0.75,2.98,P,high
PT,EA,Roller Table,Air Dried,8+2,A_P7_5,A,P7,5,A5,6.14,30.33,35.91,33.76,1.05,0.73,0.32,0.31,4.25,0.83,3.42,P,high
PT,EA,Roller Table,Air Dried,8+2,B_P7_1,B,P7,1,B1,13.37,19.59,45.1,35.31,0.56,0.16,0.4,0.26,3.19,0.61,2.58,P,high
PT,EA,Roller Table,Air Dried,8+2,B_P7_2,B,P7,2,B2,10.69,19.59,45.1,35.31,1,0.69,0.31,0.22,2.49,0.66,1.83,P,high
PT,EA,Roller Table,Air Dried,8+2,B_P7_3,B,P7,3,B3,10.74,19.59,45.1,35.31,0.42,0.13,0.29,0.26,3.17,0.57,2.6,P,high
PT,EA,Roller Table,Air Dried,8+2,B_P7_4,B,P7,4,B4,7.46,19.59,45.1,35.31,1.03,0.56,0.47,0.21,2.55,0.7,1.85,P,high
PT,EA,Roller Table,Air Dried,8+2,B_P7_5,B,P7,5,B5,10.89,19.59,45.1,35.31,0.26,0,0.26,0.22,2.91,0.62,2.29,P,high
PT,EA,Roller Table,Air Dried,8+2,C_P7_1,C,P7,1,C1,9.64,47.71,26.57,25.72,4.43,4.02,0.41,0.18,1.32,0,1.32, N,low
PT,EA,Roller Table,Air Dried,8+2,C_P7_2,C,P7,2,C2,8.4,47.71,26.57,25.72,5.09,4.89,0.2,0.15,1.44,0,1.44, N,low
PT,EA,Roller Table,Air Dried,8+2,C_P7_3,C,P7,3,C3,6.85,47.71,26.57,25.72,3.89,3.59,0.3,0.14,1.3,0,1.3, N,low
PT,EA,Roller Table,Air Dried,8+2,C_P7_4,C,P7,4,C4,8.69,47.71,26.57,25.72,7.33,6.91,0.43,0.14,1.29,0,1.29, N,low
PT,EA,Roller Table,Air Dried,8+2,C_P7_5,C,P7,5,C5,11.22,47.71,26.57,25.72,4.42,4.22,0.2,0.13,1.16,0,1.16, N,low
PT,EA,Roller Table,Air Dried,8+2,D_P7_1,D,P7,1,D1,3.73,43.91,27.91,28.18,0.09,0.04,0.05,0.11,1.66,0.94,0.72,P,low
PT,EA,Roller Table,Air Dried,8+2,D_P7_2,D,P7,2,D2,3.75,43.91,27.91,28.18,0.19,0.12,0.07,0.09,1.49,0.91,0.59,P,low
PT,EA,Roller Table,Air Dried,8+2,D_P7_3,D,P7,3,D3,3.98,43.91,27.91,28.18,0.06,0.04,0.02,0.1,1.66,0.87,0.79,P,low
PT,EA,Roller Table,Air Dried,8+2,D_P7_4,D,P7,4,D4,4.29,43.91,27.91,28.18,0.17,0.14,0.04,0.1,1.66,0.92,0.74,P,low
PT,EA,Roller Table,Air Dried,8+2,D_P7_5,D,P7,5,D5,3.92,43.91,27.91,28.18,0.32,0.29,0.03,0.11,1.69,0.88,0.81,P,low
PT,EA,Roller Table,Air Dried,8+2,E_P7_1,E,P7,1,E1,5.89,23.8,65.96,10.24,1,0.68,0.32,0.13,1.04,0,1.04, N,low
PT,EA,Roller Table,Air Dried,8+2,E_P7_2,E,P7,2,E2,3.97,23.8,65.96,10.24,0.39,0.02,0.37,0.12,1.17,0,1.17, N,low
PT,EA,Roller Table,Air Dried,8+2,E_P7_3,E,P7,3,E3,5.08,23.8,65.96,10.24,0.18,0,0.18,0.11,1.01,0,1.01, N,low
PT,EA,Roller Table,Air Dried,8+2,E_P7_4,E,P7,4,E4,4.6,23.8,65.96,10.24,0.14,0,0.14,0.12,1.08,0,1.08, N,low
PT,EA,Roller Table,Air Dried,8+2,E_P7_5,E,P7,5,E5,6.51,23.8,65.96,10.24,0.24,0,0.24,0.11,1.09,0,1.09, N,low
PT,EA,Roller Table,Air Dried,8+2,F_P7_1,F,P7,1,F1,5.01,40.54,41.69,17.77,6.87,6.77,0.1,0.13,1.03,0,1.03, N,low
PT,EA,Roller Table,Air Dried,8+2,F_P7_2,F,P7,2,F2,6.61,40.54,41.69,17.77,3.76,3.57,0.19,0.12,1.09,0,1.09, N,low
PT,EA,Roller Table,Air Dried,8+2,F_P7_3,F,P7,3,F3,6.8,40.54,41.69,17.77,3.37,3.18,0.19,0.12,1.03,0,1.03, N,low
PT,EA,Roller Table,Air Dried,8+2,F_P7_4,F,P7,4,F4,5.61,40.54,41.69,17.77,3.8,3.69,0.11,0.12,1.05,0,1.05, N,low
PT,EA,Roller Table,Air Dried,8+2,F_P7_5,F,P7,5,F5,5.38,40.54,41.69,17.77,3.44,3.27,0.16,0.1,0.91,0,0.91, N,low
PT,EA,Roller Table,Air Dried,8+2,G_P7_1,G,P7,1,G1,8,54.26,16.54,29.2,1.45,1.06,0.39,0.12,1.04,0,1.04, N,low
PT,EA,Roller Table,Air Dried,8+2,G_P7_2,G,P7,2,G2,7.38,54.26,16.54,29.2,1.35,1.03,0.32,0.12,1.26,0,1.26, N,low
PT,EA,Roller Table,Air Dried,8+2,G_P7_3,G,P7,3,G3,7.23,54.26,16.54,29.2,1.27,0.77,0.5,0.14,1.4,0,1.4, N,low
PT,EA,Roller Table,Air Dried,8+2,G_P7_4,G,P7,4,G4,5.64,54.26,16.54,29.2,1.11,0.79,0.32,0.14,1.46,0,1.46, N,low
PT,EA,Roller Table,Air Dried,8+2,G_P7_5,G,P7,5,G5,7.97,54.26,16.54,29.2,0.97,0.6,0.37,0.15,1.6,0,1.6, N,low
PT,EA,Roller Table,Air Dried,8+2,H_P7_1,H,P7,1,H1,12.77,25.45,54.51,20.04,9.88,9.01,0.88,0.25,7.07,4.5,2.57,P,high
PT,EA,Roller Table,Air Dried,8+2,H_P7_2,H,P7,2,H2,13.33,25.45,54.51,20.04,13.51,12.58,0.93,0.24,6.86,5.24,1.62,P,high
PT,EA,Roller Table,Air Dried,8+2,H_P7_3,H,P7,3,H3,11.06,25.45,54.51,20.04,13.6,12.63,0.96,0.24,7.2,5.07,2.13,P,high
PT,EA,Roller Table,Air Dried,8+2,H_P7_4,H,P7,4,H4,11.84,25.45,54.51,20.04,14.8,13.69,1.1,0.25,7.03,4.82,2.21,P,high
PT,EA,Roller Table,Air Dried,8+2,H_P7_5,H,P7,5,H5,13.08,25.45,54.51,20.04,13.26,12.19,1.07,0.23,7.17,4.86,2.31,P,high
PT,EA,Roller Table,Air Dried,8+2,I_P7_1,I,P7,1,I1,4,31.66,45.67,22.67,0.08,0,0.08,0.15,1.49,0,1.49,N,low
PT,EA,Roller Table,Air Dried,8+2,I_P7_2,I,P7,2,I2,4.3,31.66,45.67,22.67,0.2,0,0.2,0.14,1.45,0,1.45,N,low
PT,EA,Roller Table,Air Dried,8+2,I_P7_3,I,P7,3,I3,4.33,31.66,45.67,22.67,0.11,0.06,0.05,0.14,1.37,0,1.37,N,low
PT,EA,Roller Table,Air Dried,8+2,I_P7_4,I,P7,4,I4,4.32,31.66,45.67,22.67,0.28,0.08,0.19,0.14,1.43,0,1.43,N,low
PT,EA,Roller Table,Air Dried,8+2,I_P7_5,I,P7,5,I5,4.32,31.66,45.67,22.67,0.06,0,0.06,0.14,1.42,0,1.42,N,low
PT,EA,Roller Table,Air Dried,8+2,J_P7_1,J,P7,1,J1,7.71,5.12,59.04,35.84,0.12,0.07,0.05,0.26,3.01,0,3.01,N,high
PT,EA,Roller Table,Air Dried,8+2,J_P7_2,J,P7,2,J2,5.46,5.12,59.04,35.84,0.3,0.23,0.06,0.3,3.33,0,3.33,N,high
PT,EA,Roller Table,Air Dried,8+2,J_P7_3,J,P7,3,J3,7.79,5.12,59.04,35.84,0.06,0.03,0.03,0.3,3.08,0,3.08,N,high
PT,EA,Roller Table,Air Dried,8+2,J_P7_4,J,P7,4,J4,8.02,5.12,59.04,35.84,0.03,0,0.03,0.29,3.19,0,3.19,N,high
PT,EA,Roller Table,Air Dried,8+2,J_P7_5,J,P7,5,J5,6.38,5.12,59.04,35.84,0.03,0,0.03,0.25,2.93,0,2.93,N,high
PT,EA,Roller Table,Air Dried,8+2,K_P7_1,K,P7,1,K1,3.99,46.02,31.44,22.54,0.46,0.4,0.06,0.21,2.37,0.17,2.2,P,high
PT,EA,Roller Table,Air Dried,8+2,K_P7_2,K,P7,2,K2,3.66,46.02,31.44,22.54,0.66,0.62,0.03,0.19,2.24,0.1,2.14,P,high
PT,EA,Roller Table,Air Dried,8+2,K_P7_3,K,P7,3,K3,3.94,46.02,31.44,22.54,3.39,3.38,0,0.2,2.24,0.14,2.1,P,high
PT,EA,Roller Table,Air Dried,8+2,K_P7_4,K,P7,4,K4,3.94,46.02,31.44,22.54,0.78,0.72,0.06,0.2,2.29,0.19,2.1,P,high
PT,EA,Roller Table,Air Dried,8+2,K_P7_5,K,P7,5,K5,3.66,46.02,31.44,22.54,0.62,0.56,0.06,0.22,2.55,0.17,2.38,P,high
PT,EA,Roller Table,Air Dried,8+2,L_P7_1,L,P7,1,L1,5.39,47.49,29.58,22.93,1.35,1.34,0.01,0.22,3.13,0.48,2.65,P,high
PT,EA,Roller Table,Air Dried,8+2,L_P7_2,L,P7,2,L2,4.78,47.49,29.58,22.93,0.52,0.47,0.04,0.18,2.49,0.47,2.02,P,high
PT,EA,Roller Table,Air Dried,8+2,L_P7_3,L,P7,3,L3,3.7,47.49,29.58,22.93,0.85,0.71,0.14,0.23,3.19,0.43,2.76,P,high
PT,EA,Roller Table,Air Dried,8+2,L_P7_4,L,P7,4,L4,3.98,47.49,29.58,22.93,0.72,0.71,0.01,0.22,3.06,0.52,2.54,P,high
PT,EA,Roller Table,Air Dried,8+2,L_P7_5,L,P7,5,L5,4.53,47.49,29.58,22.93,1.71,1.67,0.04,0.23,3.16,0.41,2.75,P,high
FTIR,FTIR,Finer Roller Table,105,8+2,A_P8_1,A,P8,1,A1,6.45,30.33,35.91,33.76,1.37,1.21,0.16,0.3,4.71,0.79,3.83,P,high
FTIR,FTIR,Finer Roller Table,105,8+2,A_P8_2,A,P8,2,A2,7.87,30.33,35.91,33.76,0.99,0.82,0.17,0.34,4.67,0.86,3.66,P,high
FTIR,FTIR,Finer Roller Table,105,8+2,A_P8_3,A,P8,3,A3,7.84,30.33,35.91,33.76,1.68,1.49,0.19,0.33,4.66,0.82,3.75,P,high
FTIR,FTIR,Finer Roller Table,105,8+2,A_P8_4,A,P8,4,A4,7.38,30.33,35.91,33.76,1.65,1.4,0.25,0.32,4.76,0.83,3.81,P,high
FTIR,FTIR,Finer Roller Table,105,8+2,A_P8_5,A,P8,5,A5,6.14,30.33,35.91,33.76,1.05,0.73,0.32,0.3,4.46,0.85,3.57,P,high
FTIR,FTIR,Finer Roller Table,105,8+2,B_P8_1,B,P8,1,B1,13.37,19.59,45.1,35.31,0.56,0.16,0.4,0.28,3,0.69,2.34,P,high
FTIR,FTIR,Finer Roller Table,105,8+2,B_P8_2,B,P8,2,B2,10.69,19.59,45.1,35.31,1,0.69,0.31,0.22,2.64,0.69,1.92,P,high
FTIR,FTIR,Finer Roller Table,105,8+2,B_P8_3,B,P8,3,B3,10.74,19.59,45.1,35.31,0.42,0.13,0.29,0.3,3.1,0.61,2.58,P,high
FTIR,FTIR,Finer Roller Table,105,8+2,B_P8_4,B,P8,4,B4,7.46,19.59,45.1,35.31,1.03,0.56,0.47,0.23,2.46,0.7,1.78,P,high
FTIR,FTIR,Finer Roller Table,105,8+2,B_P8_5,B,P8,5,B5,10.89,19.59,45.1,35.31,0.26,0,0.26,0.25,2.82,0.66,2.2,P,high
FTIR,FTIR,Finer Roller Table,105,8+2,C_P8_1,C,P8,1,C1,9.64,47.71,26.57,25.72,4.43,4.02,0.41,0.14,1.41,0,1.45, N,low
FTIR,FTIR,Finer Roller Table,105,8+2,C_P8_2,C,P8,2,C2,8.4,47.71,26.57,25.72,5.09,4.89,0.2,0.14,1.5,0,1.57, N,low
FTIR,FTIR,Finer Roller Table,105,8+2,C_P8_3,C,P8,3,C3,6.85,47.71,26.57,25.72,3.89,3.59,0.3,0.15,1.24,0,1.29, N,low
FTIR,FTIR,Finer Roller Table,105,8+2,C_P8_4,C,P8,4,C4,8.69,47.71,26.57,25.72,7.33,6.91,0.43,0.14,1.32,0,1.34, N,low
FTIR,FTIR,Finer Roller Table,105,8+2,C_P8_5,C,P8,5,C5,11.22,47.71,26.57,25.72,4.42,4.22,0.2,0.12,1.17,0,1.17, N,low
FTIR,FTIR,Finer Roller Table,105,8+2,D_P8_1,D,P8,1,D1,3.73,43.91,27.91,28.18,0.09,0.04,0.05,0.1,1.76,0.93,0.46,P,low
FTIR,FTIR,Finer Roller Table,105,8+2,D_P8_2,D,P8,2,D2,3.75,43.91,27.91,28.18,0.19,0.12,0.07,0.11,1.88,0.95,0.45,P,low
FTIR,FTIR,Finer Roller Table,105,8+2,D_P8_3,D,P8,3,D3,3.98,43.91,27.91,28.18,0.06,0.04,0.02,0.11,1.62,0.79,0.43,P,low
FTIR,FTIR,Finer Roller Table,105,8+2,D_P8_4,D,P8,4,D4,4.29,43.91,27.91,28.18,0.17,0.14,0.04,0.14,1.87,0.97,0.52,P,low
FTIR,FTIR,Finer Roller Table,105,8+2,D_P8_5,D,P8,5,D5,3.92,43.91,27.91,28.18,0.32,0.29,0.03,0.11,1.77,0.92,0.52,P,low
FTIR,FTIR,Finer Roller Table,105,8+2,E_P8_1,E,P8,1,E1,5.89,23.8,65.96,10.24,1,0.68,0.32,0.11,0.72,0,0.66, N,low
FTIR,FTIR,Finer Roller Table,105,8+2,E_P8_2,E,P8,2,E2,3.97,23.8,65.96,10.24,0.39,0.02,0.37,0.12,0.77,0,0.7, N,low
FTIR,FTIR,Finer Roller Table,105,8+2,E_P8_3,E,P8,3,E3,5.08,23.8,65.96,10.24,0.18,0,0.18,0.12,0.66,0,0.63, N,low
FTIR,FTIR,Finer Roller Table,105,8+2,E_P8_4,E,P8,4,E4,4.6,23.8,65.96,10.24,0.14,0,0.14,0.12,0.76,0,0.63, N,low
FTIR,FTIR,Finer Roller Table,105,8+2,E_P8_5,E,P8,5,E5,6.51,23.8,65.96,10.24,0.24,0,0.24,0.12,0.86,0,0.73, N,low
FTIR,FTIR,Finer Roller Table,105,8+2,F_P8_1,F,P8,1,F1,5.01,40.54,41.69,17.77,6.87,6.77,0.1,0.11,0.77,0,0.6, N,low
FTIR,FTIR,Finer Roller Table,105,8+2,F_P8_2,F,P8,2,F2,6.61,40.54,41.69,17.77,3.76,3.57,0.19,0.11,0.79,0,0.62, N,low
FTIR,FTIR,Finer Roller Table,105,8+2,F_P8_3,F,P8,3,F3,6.8,40.54,41.69,17.77,3.37,3.18,0.19,0.13,0.69,0,0.56, N,low
FTIR,FTIR,Finer Roller Table,105,8+2,F_P8_4,F,P8,4,F4,5.61,40.54,41.69,17.77,3.8,3.69,0.11,0.12,0.62,0,0.48, N,low
FTIR,FTIR,Finer Roller Table,105,8+2,F_P8_5,F,P8,5,F5,5.38,40.54,41.69,17.77,3.44,3.27,0.16,0.12,0.76,0,0.62, N,low
FTIR,FTIR,Finer Roller Table,105,8+2,G_P8_1,G,P8,1,G1,8,54.26,16.54,29.2,1.45,1.06,0.39,0.14,1.22,0,1.32, N,low
FTIR,FTIR,Finer Roller Table,105,8+2,G_P8_2,G,P8,2,G2,7.38,54.26,16.54,29.2,1.35,1.03,0.32,0.13,1.16,0,1.26, N,low
FTIR,FTIR,Finer Roller Table,105,8+2,G_P8_3,G,P8,3,G3,7.23,54.26,16.54,29.2,1.27,0.77,0.5,0.13,1.17,0,1.29, N,low
FTIR,FTIR,Finer Roller Table,105,8+2,G_P8_4,G,P8,4,G4,5.64,54.26,16.54,29.2,1.11,0.79,0.32,0.13,1.17,0,1.24, N,low
FTIR,FTIR,Finer Roller Table,105,8+2,G_P8_5,G,P8,5,G5,7.97,54.26,16.54,29.2,0.97,0.6,0.37,0.16,1.31,0,1.43, N,low
FTIR,FTIR,Finer Roller Table,105,8+2,H_P8_1,H,P8,1,H1,12.77,25.45,54.51,20.04,9.88,9.01,0.88,0.24,7.73,4.57,2.81,P,high
FTIR,FTIR,Finer Roller Table,105,8+2,H_P8_2,H,P8,2,H2,13.33,25.45,54.51,20.04,13.51,12.58,0.93,0.26,7.37,4.61,2.59,P,high
FTIR,FTIR,Finer Roller Table,105,8+2,H_P8_3,H,P8,3,H3,11.06,25.45,54.51,20.04,13.6,12.63,0.96,0.25,7.57,4.62,2.56,P,high
FTIR,FTIR,Finer Roller Table,105,8+2,H_P8_4,H,P8,4,H4,11.84,25.45,54.51,20.04,14.8,13.69,1.1,0.23,7.47,4.65,2.76,P,high
FTIR,FTIR,Finer Roller Table,105,8+2,H_P8_5,H,P8,5,H5,13.08,25.45,54.51,20.04,13.26,12.19,1.07,0.23,7.41,4.49,2.68,P,high
FTIR,FTIR,Finer Roller Table,105,8+2,I_P8_1,I,P8,1,I1,4,31.66,45.67,22.67,0.08,0,0.08,0.14,1.69,0,1.64,N,low
FTIR,FTIR,Finer Roller Table,105,8+2,I_P8_2,I,P8,2,I2,4.3,31.66,45.67,22.67,0.2,0,0.2,0.14,1.63,0,1.55,N,low
FTIR,FTIR,Finer Roller Table,105,8+2,I_P8_3,I,P8,3,I3,4.33,31.66,45.67,22.67,0.11,0.06,0.05,0.14,1.59,0,1.58,N,low
FTIR,FTIR,Finer Roller Table,105,8+2,I_P8_4,I,P8,4,I4,4.32,31.66,45.67,22.67,0.28,0.08,0.19,0.14,1.43,0,1.42,N,low
FTIR,FTIR,Finer Roller Table,105,8+2,I_P8_5,I,P8,5,I5,4.32,31.66,45.67,22.67,0.06,0,0.06,0.12,1.37,0,1.37,N,low
FTIR,FTIR,Finer Roller Table,105,8+2,J_P8_1,J,P8,1,J1,7.71,5.12,59.04,35.84,0.12,0.07,0.05,0.29,3.42,0,3.1,N,high
FTIR,FTIR,Finer Roller Table,105,8+2,J_P8_2,J,P8,2,J2,5.46,5.12,59.04,35.84,0.3,0.23,0.06,0.32,3.74,0,3.42,N,high
FTIR,FTIR,Finer Roller Table,105,8+2,J_P8_3,J,P8,3,J3,7.79,5.12,59.04,35.84,0.06,0.03,0.03,0.3,3.6,0,3.31,N,high
FTIR,FTIR,Finer Roller Table,105,8+2,J_P8_4,J,P8,4,J4,8.02,5.12,59.04,35.84,0.03,0,0.03,0.31,3.59,0,3.31,N,high
FTIR,FTIR,Finer Roller Table,105,8+2,J_P8_5,J,P8,5,J5,6.38,5.12,59.04,35.84,0.03,0,0.03,0.27,3.5,0,3.26,N,high
FTIR,FTIR,Finer Roller Table,105,8+2,K_P8_1,K,P8,1,K1,3.99,46.02,31.44,22.54,0.46,0.4,0.06,0.21,2.25,0.16,2.03,P,high
FTIR,FTIR,Finer Roller Table,105,8+2,K_P8_2,K,P8,2,K2,3.66,46.02,31.44,22.54,0.66,0.62,0.03,0.22,2.87,0.18,2.56,P,high
FTIR,FTIR,Finer Roller Table,105,8+2,K_P8_3,K,P8,3,K3,3.94,46.02,31.44,22.54,3.39,3.38,0,0.21,2.96,0.1,2.65,P,high
FTIR,FTIR,Finer Roller Table,105,8+2,K_P8_4,K,P8,4,K4,3.94,46.02,31.44,22.54,0.78,0.72,0.06,0.2,2.82,0.17,2.51,P,high
FTIR,FTIR,Finer Roller Table,105,8+2,K_P8_5,K,P8,5,K5,3.66,46.02,31.44,22.54,0.62,0.56,0.06,0.23,2.99,0.23,2.63,P,high
FTIR,FTIR,Finer Roller Table,105,8+2,L_P8_1,L,P8,1,L1,5.39,47.49,29.58,22.93,1.35,1.34,0.01,0.21,4.14,0.67,3.1172,P,high
FTIR,FTIR,Finer Roller Table,105,8+2,L_P8_2,L,P8,2,L2,4.78,47.49,29.58,22.93,0.52,0.47,0.04,0.19,4.01,0.82,3.06,P,high
FTIR,FTIR,Finer Roller Table,105,8+2,L_P8_3,L,P8,3,L3,3.7,47.49,29.58,22.93,0.85,0.71,0.14,0.25,3.68,0.73,2.88,P,high
FTIR,FTIR,Finer Roller Table,105,8+2,L_P8_4,L,P8,4,L4,3.98,47.49,29.58,22.93,0.72,0.71,0.01,0.24,3.95,0.77,3.09,P,high
FTIR,FTIR,Finer Roller Table,105,8+2,L_P8_5,L,P8,5,L5,4.53,47.49,29.58,22.93,1.71,1.67,0.04,0.2,3.55,0.72,2.72,P,high
AF,EA,Roller Table,105,8+2,A_P9_1,A,P9,1,A1,6.45,30.33,35.91,33.76,1.37,1.21,0.16,0.35,3.93,0.35,3.58,P,high
AF,EA,Roller Table,105,8+2,A_P9_2,A,P9,2,A2,7.87,30.33,35.91,33.76,0.99,0.82,0.17,0.5,4.61,0.83,3.78,P,high
AF,EA,Roller Table,105,8+2,A_P9_3,A,P9,3,A3,7.84,30.33,35.91,33.76,1.68,1.49,0.19,0.49,4.52,0.59,3.93,P,high
AF,EA,Roller Table,105,8+2,A_P9_4,A,P9,4,A4,7.38,30.33,35.91,33.76,1.65,1.4,0.25,0.36,4,0.6,3.4,P,high
AF,EA,Roller Table,105,8+2,A_P9_5,A,P9,5,A5,6.14,30.33,35.91,33.76,1.05,0.73,0.32,0.5,4.24,0.6,3.64,P,high
AF,EA,Roller Table,105,8+2,B_P9_1,B,P9,1,B1,13.37,19.59,45.1,35.31,0.56,0.16,0.4,0.46,3.38,0.67,2.71,P,high
AF,EA,Roller Table,105,8+2,B_P9_2,B,P9,2,B2,10.69,19.59,45.1,35.31,1,0.69,0.31,0.37,2.75,0.53,2.22,P,high
AF,EA,Roller Table,105,8+2,B_P9_3,B,P9,3,B3,10.74,19.59,45.1,35.31,0.42,0.13,0.29,0.45,3.5,0.51,2.99,P,high
AF,EA,Roller Table,105,8+2,B_P9_4,B,P9,4,B4,7.46,19.59,45.1,35.31,1.03,0.56,0.47,0.41,2.73,0.58,2.15,P,high
AF,EA,Roller Table,105,8+2,B_P9_5,B,P9,5,B5,10.89,19.59,45.1,35.31,0.26,0,0.26,0.51,3.21,0.39,2.82,P,high
AF,EA,Roller Table,105,8+2,C_P9_1,C,P9,1,C1,9.64,47.71,26.57,25.72,4.43,4.02,0.41,0.19,1.37,0,1.39, N,low
AF,EA,Roller Table,105,8+2,C_P9_2,C,P9,2,C2,8.4,47.71,26.57,25.72,5.09,4.89,0.2,0.2,1.35,0,1.4, N,low
AF,EA,Roller Table,105,8+2,C_P9_3,C,P9,3,C3,6.85,47.71,26.57,25.72,3.89,3.59,0.3,0.15,1.37,0,1.29, N,low
AF,EA,Roller Table,105,8+2,C_P9_4,C,P9,4,C4,8.69,47.71,26.57,25.72,7.33,6.91,0.43,0.14,1.27,0,1.09, N,low
AF,EA,Roller Table,105,8+2,C_P9_5,C,P9,5,C5,11.22,47.71,26.57,25.72,4.42,4.22,0.2,0.18,1.17,0,1.33, N,low
AF,EA,Roller Table,105,8+2,D_P9_1,D,P9,1,D1,3.73,43.91,27.91,28.18,0.09,0.04,0.05,0.16,1.63,0.67,0.96,P,low
AF,EA,Roller Table,105,8+2,D_P9_2,D,P9,2,D2,3.75,43.91,27.91,28.18,0.19,0.12,0.07,0.17,1.69,0.79,0.9,P,low
AF,EA,Roller Table,105,8+2,D_P9_3,D,P9,3,D3,3.98,43.91,27.91,28.18,0.06,0.04,0.02,0.16,1.69,0.77,0.92,P,low
AF,EA,Roller Table,105,8+2,D_P9_4,D,P9,4,D4,4.29,43.91,27.91,28.18,0.17,0.14,0.04,0.16,1.78,0.83,0.95,P,low
AF,EA,Roller Table,105,8+2,D_P9_5,D,P9,5,D5,3.92,43.91,27.91,28.18,0.32,0.29,0.03,0.11,1.73,0.74,0.99,P,low
AF,EA,Roller Table,105,8+2,E_P9_1,E,P9,1,E1,5.89,23.8,65.96,10.24,1,0.68,0.32,0.15,1.06,0,1.05, N,low
AF,EA,Roller Table,105,8+2,E_P9_2,E,P9,2,E2,3.97,23.8,65.96,10.24,0.39,0.02,0.37,0.18,1.18,0,1.15, N,low
AF,EA,Roller Table,105,8+2,E_P9_3,E,P9,3,E3,5.08,23.8,65.96,10.24,0.18,0,0.18,0.16,1.09,0,1.07, N,low
AF,EA,Roller Table,105,8+2,E_P9_4,E,P9,4,E4,4.6,23.8,65.96,10.24,0.14,0,0.14,0.16,1.08,0,1.05, N,low
AF,EA,Roller Table,105,8+2,E_P9_5,E,P9,5,E5,6.51,23.8,65.96,10.24,0.24,0,0.24,0.16,1.11,0,1.13, N,low
AF,EA,Roller Table,105,8+2,F_P9_1,F,P9,1,F1,5.01,40.54,41.69,17.77,6.87,6.77,0.1,0.11,1.06,0,1.12, N,low
AF,EA,Roller Table,105,8+2,F_P9_2,F,P9,2,F2,6.61,40.54,41.69,17.77,3.76,3.57,0.19,0.11,1.01,0,1.11, N,low
AF,EA,Roller Table,105,8+2,F_P9_3,F,P9,3,F3,6.8,40.54,41.69,17.77,3.37,3.18,0.19,0.17,1.13,0,1.08, N,low
AF,EA,Roller Table,105,8+2,F_P9_4,F,P9,4,F4,5.61,40.54,41.69,17.77,3.8,3.69,0.11,0.14,1.04,0,0.95, N,low
AF,EA,Roller Table,105,8+2,F_P9_5,F,P9,5,F5,5.38,40.54,41.69,17.77,3.44,3.27,0.16,0.17,1.09,0,1.03, N,low
AF,EA,Roller Table,105,8+2,G_P9_1,G,P9,1,G1,8,54.26,16.54,29.2,1.45,1.06,0.39,0.14,1.37,0,1.49, N,low
AF,EA,Roller Table,105,8+2,G_P9_2,G,P9,2,G2,7.38,54.26,16.54,29.2,1.35,1.03,0.32,0.18,1.33,0,1.27, N,low
AF,EA,Roller Table,105,8+2,G_P9_3,G,P9,3,G3,7.23,54.26,16.54,29.2,1.27,0.77,0.5,0.16,1.38,0,1.35, N,low
AF,EA,Roller Table,105,8+2,G_P9_4,G,P9,4,G4,5.64,54.26,16.54,29.2,1.11,0.79,0.32,0.17,1.3,0,1.32, N,low
AF,EA,Roller Table,105,8+2,G_P9_5,G,P9,5,G5,7.97,54.26,16.54,29.2,0.97,0.6,0.37,0.2,1.52,0,1.48, N,low
AF,EA,Roller Table,105,8+2,H_P9_1,H,P9,1,H1,12.77,25.45,54.51,20.04,9.88,9.01,0.88,0.43,7.27,4.32,2.95,P,high
AF,EA,Roller Table,105,8+2,H_P9_2,H,P9,2,H2,13.33,25.45,54.51,20.04,13.51,12.58,0.93,0.45,7.17,4.1,3.07,P,high
AF,EA,Roller Table,105,8+2,H_P9_3,H,P9,3,H3,11.06,25.45,54.51,20.04,13.6,12.63,0.96,0.43,7.18,4.27,2.91,P,high
AF,EA,Roller Table,105,8+2,H_P9_4,H,P9,4,H4,11.84,25.45,54.51,20.04,14.8,13.69,1.1,0.45,7.19,4.2,2.99,P,high
AF,EA,Roller Table,105,8+2,H_P9_5,H,P9,5,H5,13.08,25.45,54.51,20.04,13.26,12.19,1.07,0.36,7.22,4.28,2.94,P,high
AF,EA,Roller Table,105,8+2,I_P9_1,I,P9,1,I1,4,31.66,45.67,22.67,0.08,0,0.08,0.18,1.55,0,1.48,N,low
AF,EA,Roller Table,105,8+2,I_P9_2,I,P9,2,I2,4.3,31.66,45.67,22.67,0.2,0,0.2,0.17,1.43,0,1.33,N,low
AF,EA,Roller Table,105,8+2,I_P9_3,I,P9,3,I3,4.33,31.66,45.67,22.67,0.11,0.06,0.05,0.17,1.37,0,1.39,N,low
AF,EA,Roller Table,105,8+2,I_P9_4,I,P9,4,I4,4.32,31.66,45.67,22.67,0.28,0.08,0.19,0.16,1.41,0,1.31,N,low
AF,EA,Roller Table,105,8+2,I_P9_5,I,P9,5,I5,4.32,31.66,45.67,22.67,0.06,0,0.06,0.17,1.27,0,1.38,N,low
AF,EA,Roller Table,105,8+2,J_P9_1,J,P9,1,J1,7.71,5.12,59.04,35.84,0.12,0.07,0.05,0.37,3.13,0,3.19,N,high
AF,EA,Roller Table,105,8+2,J_P9_2,J,P9,2,J2,5.46,5.12,59.04,35.84,0.3,0.23,0.06,0.45,3.53,0,3.33,N,high
AF,EA,Roller Table,105,8+2,J_P9_3,J,P9,3,J3,7.79,5.12,59.04,35.84,0.06,0.03,0.03,0.41,3.35,0,3.33,N,high
AF,EA,Roller Table,105,8+2,J_P9_4,J,P9,4,J4,8.02,5.12,59.04,35.84,0.03,0,0.03,0.41,3.31,0,3.36,N,high
AF,EA,Roller Table,105,8+2,J_P9_5,J,P9,5,J5,6.38,5.12,59.04,35.84,0.03,0,0.03,0.36,3.16,0,3.13,N,high
AF,EA,Roller Table,105,8+2,K_P9_1,K,P9,1,K1,3.99,46.02,31.44,22.54,0.46,0.4,0.06,0.22,2.23,0.3,1.93,P,high
AF,EA,Roller Table,105,8+2,K_P9_2,K,P9,2,K2,3.66,46.02,31.44,22.54,0.66,0.62,0.03,0.39,2.62,0.48,2.14,P,high
AF,EA,Roller Table,105,8+2,K_P9_3,K,P9,3,K3,3.94,46.02,31.44,22.54,3.39,3.38,0,0.45,2.51,0.08,2.43,P,high
AF,EA,Roller Table,105,8+2,K_P9_4,K,P9,4,K4,3.94,46.02,31.44,22.54,0.78,0.72,0.06,0.24,2.43,0.32,2.11,P,high
AF,EA,Roller Table,105,8+2,K_P9_5,K,P9,5,K5,3.66,46.02,31.44,22.54,0.62,0.56,0.06,0.32,2.73,0.27,2.46,P,high
AF,EA,Roller Table,105,8+2,L_P9_1,L,P9,1,L1,5.39,47.49,29.58,22.93,1.35,1.34,0.01,0.39,2.83,0.33,2.5,P,high
AF,EA,Roller Table,105,8+2,L_P9_2,L,P9,2,L2,4.78,47.49,29.58,22.93,0.52,0.47,0.04,0.35,2.62,0.12,2.5,P,high
AF,EA,Roller Table,105,8+2,L_P9_3,L,P9,3,L3,3.7,47.49,29.58,22.93,0.85,0.71,0.14,0.46,3.33,0.16,3.17,P,high
AF,EA,Roller Table,105,8+2,L_P9_4,L,P9,4,L4,3.98,47.49,29.58,22.93,0.72,0.71,0.01,0.45,3.2,0.74,2.46,P,high
AF,EA,Roller Table,105,8+2,L_P9_5,L,P9,5,L5,4.53,47.49,29.58,22.93,1.71,1.67,0.04,0.45,2.93,0.35,2.58,P,high
LOI,EA,None,105,8+2,A_P10_1,A,P10,1,A1,6.45,30.33,35.91,33.76,1.37,1.21,0.16,0.3,,,3.56,P,high
LOI,EA,None,105,8+2,A_P10_2,A,P10,2,A2,7.87,30.33,35.91,33.76,0.99,0.82,0.17,0.34,,,3.16,P,high
LOI,EA,None,105,8+2,A_P10_3,A,P10,3,A3,7.84,30.33,35.91,33.76,1.68,1.49,0.19,0.33,,,3.14,P,high
LOI,EA,None,105,8+2,A_P10_4,A,P10,4,A4,7.38,30.33,35.91,33.76,1.65,1.4,0.25,0.32,,,3.52,P,high
LOI,EA,None,105,8+2,A_P10_5,A,P10,5,A5,6.14,30.33,35.91,33.76,1.05,0.73,0.32,0.3,,,3.42,P,high
LOI,EA,None,105,8+2,B_P10_1,B,P10,1,B1,13.37,19.59,45.1,35.31,0.56,0.16,0.4,0.28,,,2.69,P,high
LOI,EA,None,105,8+2,B_P10_2,B,P10,2,B2,10.69,19.59,45.1,35.31,1,0.69,0.31,0.22,,,2.48,P,high
LOI,EA,None,105,8+2,B_P10_3,B,P10,3,B3,10.74,19.59,45.1,35.31,0.42,0.13,0.29,0.3,,,2.95,P,high
LOI,EA,None,105,8+2,B_P10_4,B,P10,4,B4,7.46,19.59,45.1,35.31,1.03,0.56,0.47,0.23,,,2.17,P,high
LOI,EA,None,105,8+2,B_P10_5,B,P10,5,B5,10.89,19.59,45.1,35.31,0.26,0,0.26,0.25,,,2.63,P,high
LOI,EA,None,105,8+2,C_P10_1,C,P10,1,C1,9.64,47.71,26.57,25.72,4.43,4.02,0.41,0.14,1.37,,1.37, N,low
LOI,EA,None,105,8+2,C_P10_2,C,P10,2,C2,8.4,47.71,26.57,25.72,5.09,4.89,0.2,0.14,1.43,,1.43, N,low
LOI,EA,None,105,8+2,C_P10_3,C,P10,3,C3,6.85,47.71,26.57,25.72,3.89,3.59,0.3,0.15,1.48,,1.48, N,low
LOI,EA,None,105,8+2,C_P10_4,C,P10,4,C4,8.69,47.71,26.57,25.72,7.33,6.91,0.43,0.14,1.53,,1.53, N,low
LOI,EA,None,105,8+2,C_P10_5,C,P10,5,C5,11.22,47.71,26.57,25.72,4.42,4.22,0.2,0.12,1.46,,1.46, N,low
LOI,EA,None,105,8+2,D_P10_1,D,P10,1,D1,3.73,43.91,27.91,28.18,0.09,0.04,0.05,0.1,,,1.12,P,low
LOI,EA,None,105,8+2,D_P10_2,D,P10,2,D2,3.75,43.91,27.91,28.18,0.19,0.12,0.07,0.11,,,1.08,P,low
LOI,EA,None,105,8+2,D_P10_3,D,P10,3,D3,3.98,43.91,27.91,28.18,0.06,0.04,0.02,0.11,,,1.08,P,low
LOI,EA,None,105,8+2,D_P10_4,D,P10,4,D4,4.29,43.91,27.91,28.18,0.17,0.14,0.04,0.14,,,1.1,P,low
LOI,EA,None,105,8+2,D_P10_5,D,P10,5,D5,3.92,43.91,27.91,28.18,0.32,0.29,0.03,0.11,,,1.06,P,low
LOI,EA,None,105,8+2,E_P10_1,E,P10,1,E1,5.89,23.8,65.96,10.24,1,0.68,0.32,0.11,1.3,,1.3, N,low
LOI,EA,None,105,8+2,E_P10_2,E,P10,2,E2,3.97,23.8,65.96,10.24,0.39,0.02,0.37,0.12,1.34,,1.34, N,low
LOI,EA,None,105,8+2,E_P10_3,E,P10,3,E3,5.08,23.8,65.96,10.24,0.18,0,0.18,0.12,1.22,,1.22, N,low
LOI,EA,None,105,8+2,E_P10_4,E,P10,4,E4,4.6,23.8,65.96,10.24,0.14,0,0.14,0.12,1.24,,1.24, N,low
LOI,EA,None,105,8+2,E_P10_5,E,P10,5,E5,6.51,23.8,65.96,10.24,0.24,0,0.24,0.12,1.29,,1.29, N,low
LOI,EA,None,105,8+2,F_P10_1,F,P10,1,F1,5.01,40.54,41.69,17.77,6.87,6.77,0.1,0.11,1.07,,1.07, N,low
LOI,EA,None,105,8+2,F_P10_2,F,P10,2,F2,6.61,40.54,41.69,17.77,3.76,3.57,0.19,0.11,1.12,,1.12, N,low
LOI,EA,None,105,8+2,F_P10_3,F,P10,3,F3,6.8,40.54,41.69,17.77,3.37,3.18,0.19,0.13,1.07,,1.07, N,low
LOI,EA,None,105,8+2,F_P10_4,F,P10,4,F4,5.61,40.54,41.69,17.77,3.8,3.69,0.11,0.12,1.03,,1.03, N,low
LOI,EA,None,105,8+2,F_P10_5,F,P10,5,F5,5.38,40.54,41.69,17.77,3.44,3.27,0.16,0.12,0.97,,0.97, N,low
LOI,EA,None,105,8+2,G_P10_1,G,P10,1,G1,8,54.26,16.54,29.2,1.45,1.06,0.39,0.14,1.21,,1.21, N,low
LOI,EA,None,105,8+2,G_P10_2,G,P10,2,G2,7.38,54.26,16.54,29.2,1.35,1.03,0.32,0.13,1.24,,1.24, N,low
LOI,EA,None,105,8+2,G_P10_3,G,P10,3,G3,7.23,54.26,16.54,29.2,1.27,0.77,0.5,0.13,1.2,,1.2, N,low
LOI,EA,None,105,8+2,G_P10_4,G,P10,4,G4,5.64,54.26,16.54,29.2,1.11,0.79,0.32,0.13,1.33,,1.33, N,low
LOI,EA,None,105,8+2,G_P10_5,G,P10,5,G5,7.97,54.26,16.54,29.2,0.97,0.6,0.37,0.16,1.29,,1.29, N,low
LOI,EA,None,105,8+2,H_P10_1,H,P10,1,H1,12.77,25.45,54.51,20.04,9.88,9.01,0.88,0.24,,,2.72,P,high
LOI,EA,None,105,8+2,H_P10_2,H,P10,2,H2,13.33,25.45,54.51,20.04,13.51,12.58,0.93,0.26,,,2.62,P,high
LOI,EA,None,105,8+2,H_P10_3,H,P10,3,H3,11.06,25.45,54.51,20.04,13.6,12.63,0.96,0.25,,,2.81,P,high
LOI,EA,None,105,8+2,H_P10_4,H,P10,4,H4,11.84,25.45,54.51,20.04,14.8,13.69,1.1,0.23,,,2.91,P,high
LOI,EA,None,105,8+2,H_P10_5,H,P10,5,H5,13.08,25.45,54.51,20.04,13.26,12.19,1.07,0.23,,,2.73,P,high
LOI,EA,None,105,8+2,I_P10_1,I,P10,1,I1,4,31.66,45.67,22.67,0.08,0,0.08,0.14,1.7,,1.7,N,low
LOI,EA,None,105,8+2,I_P10_2,I,P10,2,I2,4.3,31.66,45.67,22.67,0.2,0,0.2,0.14,1.6,,1.6,N,low
LOI,EA,None,105,8+2,I_P10_3,I,P10,3,I3,4.33,31.66,45.67,22.67,0.11,0.06,0.05,0.14,1.59,,1.59,N,low
LOI,EA,None,105,8+2,I_P10_4,I,P10,4,I4,4.32,31.66,45.67,22.67,0.28,0.08,0.19,0.14,1.56,,1.56,N,low
LOI,EA,None,105,8+2,I_P10_5,I,P10,5,I5,4.32,31.66,45.67,22.67,0.06,0,0.06,0.12,1.58,,1.58,N,low
LOI,EA,None,105,8+2,J_P10_1,J,P10,1,J1,7.71,5.12,59.04,35.84,0.12,0.07,0.05,0.29,3.6,,3.6,N,high
LOI,EA,None,105,8+2,J_P10_2,J,P10,2,J2,5.46,5.12,59.04,35.84,0.3,0.23,0.06,0.32,3.79,,3.79,N,high
LOI,EA,None,105,8+2,J_P10_3,J,P10,3,J3,7.79,5.12,59.04,35.84,0.06,0.03,0.03,0.3,3.77,,3.77,N,high
LOI,EA,None,105,8+2,J_P10_4,J,P10,4,J4,8.02,5.12,59.04,35.84,0.03,0,0.03,0.31,3.78,,3.78,N,high
LOI,EA,None,105,8+2,J_P10_5,J,P10,5,J5,6.38,5.12,59.04,35.84,0.03,0,0.03,0.27,3.58,,3.58,N,high
LOI,EA,None,105,8+2,K_P10_1,K,P10,1,K1,3.99,46.02,31.44,22.54,0.46,0.4,0.06,0.21,,,2.25,P,high
LOI,EA,None,105,8+2,K_P10_2,K,P10,2,K2,3.66,46.02,31.44,22.54,0.66,0.62,0.03,0.22,,,1.89,P,high
LOI,EA,None,105,8+2,K_P10_3,K,P10,3,K3,3.94,46.02,31.44,22.54,3.39,3.38,0,0.21,,,1.7,P,high
LOI,EA,None,105,8+2,K_P10_4,K,P10,4,K4,3.94,46.02,31.44,22.54,0.78,0.72,0.06,0.2,,,1.72,P,high
LOI,EA,None,105,8+2,K_P10_5,K,P10,5,K5,3.66,46.02,31.44,22.54,0.62,0.56,0.06,0.23,,,1.86,P,high
LOI,EA,None,105,8+2,L_P10_1,L,P10,1,L1,5.39,47.49,29.58,22.93,1.35,1.34,0.01,0.21,,,1.85,P,high
LOI,EA,None,105,8+2,L_P10_2,L,P10,2,L2,4.78,47.49,29.58,22.93,0.52,0.47,0.04,0.19,,,1.81,P,high
LOI,EA,None,105,8+2,L_P10_3,L,P10,3,L3,3.7,47.49,29.58,22.93,0.85,0.71,0.14,0.25,,,1.9,P,high
LOI,EA,None,105,8+2,L_P10_4,L,P10,4,L4,3.98,47.49,29.58,22.93,0.72,0.71,0.01,0.24,,,2.09,P,high
LOI,EA,None,105,8+2,L_P10_5,L,P10,5,L5,4.53,47.49,29.58,22.93,1.71,1.67,0.04,0.2,,,2.06,P,high
